Function Name,Exclusive Samples,Exclusive Samples %,Instruction Address,Source Line Begin,Source Character Begin,Source Line End,Source Character End,
"[System.Windows.Forms.ni.dll]","13,781",32.96,0x6951B841,0,0,0,0,
"[System.Drawing.ni.dll]","2,678",6.41,0x6D189FAF,0,0,0,0,
"[clr.dll]","2,085",4.99,0x737CF4DB,0,0,0,0,
"[user32.dll]","1,037",2.48,0x758587EB,0,0,0,0,
"[comctl32.dll]",820,1.96,0x70D35196,0,0,0,0,
"[KernelBase.dll]",750,1.79,0x75E201EE,0,0,0,0,
"[KernelBase.dll]",578,1.38,0x75E2184E,0,0,0,0,
"[windows.storage.dll]",572,1.37,0x752A5CFD,0,0,0,0,
"[shell32.dll]",552,1.32,0x76913F08,0,0,0,0,
"[cfgmgr32.dll]",534,1.28,0x765B8423,0,0,0,0,
"FoodMazaPos.Cashier.aAAToolStripMenuItem_Click",504,1.21,0x08EC1F82,"1,595",13,"1,595",30,
"[mscorlib.ni.dll]",481,1.15,0x72640B4B,0,0,0,0,
"[windows.storage.dll]",475,1.14,0x7527741C,0,0,0,0,
"[dui70.dll]",467,1.12,0x5EE74658,0,0,0,0,
"[combase.dll]",452,1.08,0x76413817,0,0,0,0,
"FoodMazaPos.InvoiceDetails.LoadGridView",343,0.82,0x0CD560DA,39,13,39,34,
"[shell32.dll]",337,0.81,0x7691E711,0,0,0,0,
"FoodMazaPos.ExportToExcel.LoadGridView1",331,0.79,0x09E6A9E5,47,13,47,34,
"[DropboxExt.26.0.dll]",293,0.70,0x5DCE02D7,0,0,0,0,
"[KernelBase.dll]",274,0.66,0x75E12E4C,0,0,0,0,
"FoodMazaPos.Inventory.label_Stock_Click",274,0.66,0x09E0D67C,30,13,30,48,
"[dui70.dll]",273,0.65,0x5EE75080,0,0,0,0,
"[duser.dll]",267,0.64,0x5EDCA067,0,0,0,0,
"FoodMazaPos.Cashier.bBBBToolStripMenuItem_Click",262,0.63,0x09E0E422,"1,719",13,"1,719",23,
"[ntdll.dll]",254,0.61,0x779228ED,0,0,0,0,
"FoodMazaPos.Stocks.LoadGridView1",249,0.60,0x08EC606C,301,13,301,34,
"FoodMazaPos.Cashier.Loadproducts",241,0.58,0x030AE718,682,33,682,68,
"FoodMazaPos.Stocks.btnUpdate_Click",228,0.55,0x08EC6A15,241,21,241,54,
"[dui70.dll]",221,0.53,0x5EE8AA71,0,0,0,0,
"FoodMazaPos.Inventory.label_Product_Click",221,0.53,0x09E0DB6C,35,13,35,48,
"FoodMazaPos.Inventory.label_Category_Click",209,0.50,0x09E0DCFC,40,13,40,48,
"[win32u.dll]",202,0.48,0x76592D6C,0,0,0,0,
"FoodMazaPos.Login.btnLogin_Click",188,0.45,0x0CD5E3E5,52,21,52,33,
"[win32u.dll]",182,0.44,0x76592BCC,0,0,0,0,
"[shell32.dll]",180,0.43,0x768C8FFD,0,0,0,0,
"[dui70.dll]",163,0.39,0x5EE75831,0,0,0,0,
"FoodMazaPos.Inventory.label_Report_Click",162,0.39,0x09E0DE8C,45,13,45,48,
"[windows.storage.dll]",157,0.38,0x75277456,0,0,0,0,
"[KernelBase.dll]",154,0.37,0x75E1F396,0,0,0,0,
"[windows.storage.dll]",147,0.35,0x75277596,0,0,0,0,
"[windows.storage.dll]",146,0.35,0x7521AAAC,0,0,0,0,
"[SHCore.dll]",143,0.34,0x774FC387,0,0,0,0,
"[windows.storage.dll]",142,0.34,0x751C9D4B,0,0,0,0,
"[windows.storage.dll]",140,0.33,0x75274A83,0,0,0,0,
"FoodMazaPos.Cashier.Loadcategory",140,0.33,0x030AF2E0,485,33,485,69,
"[ntdll.dll]",131,0.31,0x7FFB069B566E,0,0,0,0,
"FoodMazaPos.Cashier.eXPORTTOEXCELToolStripMenuItem_Click",122,0.29,0x09FD7CF2,"1,731",13,"1,731",27,
"[IPHLPAPI.DLL]",118,0.28,0x74CC9119,0,0,0,0,
"[rpcrt4.dll]",118,0.28,0x761E4964,0,0,0,0,
"FoodMazaPos.InvoiceDetails.SearchInvoice_Click",116,0.28,0x0CD56AAA,121,17,121,38,
"[System.Data.ni.dll]",115,0.28,0x6508C9A0,0,0,0,0,
"[dui70.dll]",110,0.26,0x5EE83388,0,0,0,0,
"[KernelBase.dll]",109,0.26,0x75E21E4A,0,0,0,0,
"[KernelBase.dll]",106,0.25,0x75E1FAC9,0,0,0,0,
"FoodMazaPos.Cashier.Timercheckingstock",106,0.25,0x0CD53CED,193,21,193,40,
"[KernelBase.dll]",105,0.25,0x75E12943,0,0,0,0,
"[KernelBase.dll]",104,0.25,0x75E201BE,0,0,0,0,
"FoodMazaPos.Cashier.label3Click",102,0.24,0x0CD579F3,582,33,582,68,
"FoodMazaPos.Cashier.btnRefresh_Click",97,0.23,0x0CD53D79,"1,491",13,"1,491",28,
"FoodMazaPos.Inventory.label_Dashboard_Click",93,0.22,0x09E0D58C,25,13,25,48,
"FoodMazaPos.Cashier.Dispose",90,0.22,0x09E6C29D,20,13,20,37,
"FoodMazaPos.Stocks.LoadGridView1",90,0.22,0x08EC5FB7,293,13,293,28,
"[windows.storage.dll]",89,0.21,0x752F710D,0,0,0,0,
"FoodMazaPos.Cashier.Timercheckingstock",89,0.21,0x0CD53CAB,188,17,189,96,
"[comctl32.dll]",87,0.21,0x70D24302,0,0,0,0,
"[shell32.dll]",87,0.21,0x769C20FA,0,0,0,0,
"[windows.storage.dll]",84,0.20,0x751949BB,0,0,0,0,
"[System.Data.ni.dll]",82,0.20,0x6508C64A,0,0,0,0,
"[shell32.dll]",77,0.18,0x768C8BFF,0,0,0,0,
"[windows.storage.dll]",77,0.18,0x75265E7B,0,0,0,0,
"FoodMazaPos.Cashier.sEARCHINVOICESToolStripMenuItem_Click",77,0.18,0x0CD53EBA,"1,701",13,"1,701",23,
"[propsys.dll]",73,0.17,0x6FFD849D,0,0,0,0,
"FoodMazaPos.Cashier.sALESSUMMARYToolStripMenuItem_Click",73,0.17,0x0CD5EB92,"1,725",13,"1,725",23,
"FoodMazaPos.Inventory.Dispose",73,0.17,0x09E0E3BD,20,13,20,37,
"[windows.storage.dll]",72,0.17,0x75249156,0,0,0,0,
"[shell32.dll]",71,0.17,0x76943FA9,0,0,0,0,
"[shell32.dll]",70,0.17,0x76A3E466,0,0,0,0,
"[windows.storage.dll]",68,0.16,0x75277694,0,0,0,0,
"[KernelBase.dll]",67,0.16,0x75E25668,0,0,0,0,
"FoodMazaPos.updatestocks.LoadGridView1",61,0.15,0x0CD5C96C,41,13,41,34,
"[clbcatq.dll]",60,0.14,0x7660DCE9,0,0,0,0,
"[ExplorerFrame.dll]",60,0.14,0x60340987,0,0,0,0,
"[win32u.dll]",57,0.14,0x765938FC,0,0,0,0,
"[KernelBase.dll]",54,0.13,0x75E20C80,0,0,0,0,
"[KernelBase.dll]",54,0.13,0x75E2103F,0,0,0,0,
"FoodMazaPos.Cashier.cLOCKOUTLOGOUTToolStripMenuItem_Click",54,0.13,0x0CD5D07B,"1,679",13,"1,679",26,
"[KernelBase.dll]",53,0.13,0x75E208E8,0,0,0,0,
"[System.Data.ni.dll]",53,0.13,0x64F52DD8,0,0,0,0,
"[ExplorerFrame.dll]",52,0.12,0x60367370,0,0,0,0,
"[windows.storage.dll]",51,0.12,0x751B8B84,0,0,0,0,
"[windows.storage.dll]",51,0.12,0x752CDB79,0,0,0,0,
"[KernelBase.dll]",50,0.12,0x75E126A2,0,0,0,0,
"[windows.storage.dll]",50,0.12,0x751D163A,0,0,0,0,
"[KernelBase.dll]",49,0.12,0x75E2C0D5,0,0,0,0,
"[shell32.dll]",49,0.12,0x76929910,0,0,0,0,
"[windows.storage.dll]",47,0.11,0x75263CE2,0,0,0,0,
"FoodMazaPos.ExportToExcel.ExportToExcel_Load",47,0.11,0x09E69C22,29,13,29,29,
"[ntdll.dll]",46,0.11,0x778F1F3E,0,0,0,0,
"[windows.storage.dll]",45,0.11,0x751D162B,0,0,0,0,
"[KernelBase.dll]",44,0.11,0x75E2D5DD,0,0,0,0,
"[shell32.dll]",44,0.11,0x7691D03A,0,0,0,0,
"[windows.storage.dll]",44,0.11,0x7523500F,0,0,0,0,
"[windows.storage.dll]",44,0.11,0x752A3A89,0,0,0,0,
"[dfdll.dll]",43,0.10,0x5E63B463,0,0,0,0,
"[windows.storage.dll]",43,0.10,0x7523546B,0,0,0,0,
"[duser.dll]",42,0.10,0x5EDC8573,0,0,0,0,
"[uxtheme.dll]",40,0.10,0x71323CB5,0,0,0,0,
"[windows.storage.dll]",40,0.10,0x7521C629,0,0,0,0,
"[System.Data.ni.dll]",39,0.09,0x6501D9FD,0,0,0,0,
"[windows.storage.dll]",39,0.09,0x752711F1,0,0,0,0,
"FoodMazaPos.InvoiceDetails.InvoiceDetails_Load",39,0.09,0x0CD55DDC,25,13,25,28,
"[windows.storage.dll]",38,0.09,0x75265C90,0,0,0,0,
"[clbcatq.dll]",37,0.09,0x76614507,0,0,0,0,
"[duser.dll]",37,0.09,0x5EDCE99C,0,0,0,0,
"FoodMazaPos.Cashier.aBOUTToolStripMenuItem_Click",37,0.09,0x09FD5DD2,"1,737",13,"1,737",26,
"FoodMazaPos.updatestocks.ToFillGridview",37,0.09,0x0CD5CDCE,161,17,161,38,
"[KernelBase.dll]",36,0.09,0x75E112E8,0,0,0,0,
"[combase.dll]",35,0.08,0x76454EDF,0,0,0,0,
"[rpcrt4.dll]",35,0.08,0x7621DC93,0,0,0,0,
"[dui70.dll]",34,0.08,0x5EE9AD49,0,0,0,0,
"[KernelBase.dll]",34,0.08,0x75E086D8,0,0,0,0,
"[windows.storage.dll]",34,0.08,0x752F7145,0,0,0,0,
"FoodMazaPos.Cashier.InitializeComponent",34,0.08,0x030A267F,102,13,102,87,
"[windows.storage.dll]",33,0.08,0x7527767E,0,0,0,0,
"FoodMazaPos.SalesSummary.SalesEstimation",33,0.08,0x09FD498C,164,21,164,80,
"[ntdll.dll]",32,0.08,0x778EB1DB,0,0,0,0,
"[uxtheme.dll]",32,0.08,0x71324573,0,0,0,0,
"[windows.storage.dll]",32,0.08,0x751D15C1,0,0,0,0,
"[windows.storage.dll]",31,0.07,0x7525B6F4,0,0,0,0,
"[dui70.dll]",30,0.07,0x5EE94846,0,0,0,0,
"[shell32.dll]",30,0.07,0x76AABD70,0,0,0,0,
"[System.Drawing.ni.dll]",29,0.07,0x6D1C7F15,0,0,0,0,
"[System.Windows.Forms.DataVisualization.ni.dll]",29,0.07,0x5F1C5554,0,0,0,0,
"[cfgmgr32.dll]",28,0.07,0x765D66C9,0,0,0,0,
"[shell32.dll]",28,0.07,0x76AC941A,0,0,0,0,
"[System.Data.ni.dll]",28,0.07,0x64BF9F96,0,0,0,0,
"[uxtheme.dll]",28,0.07,0x7132EBC1,0,0,0,0,
"[windows.storage.dll]",28,0.07,0x75265D3D,0,0,0,0,
"[windows.storage.dll]",27,0.06,0x75200DE1,0,0,0,0,
"[comctl32.dll]",26,0.06,0x70D077D8,0,0,0,0,
"[ExplorerFrame.dll]",26,0.06,0x60360EE7,0,0,0,0,
"[ExplorerFrame.dll]",26,0.06,0x60381DD3,0,0,0,0,
"[KernelBase.dll]",26,0.06,0x75E0876B,0,0,0,0,
"[KernelBase.dll]",26,0.06,0x75E13D2B,0,0,0,0,
"FoodMazaPos.Cashier.btnRefresh_Click",26,0.06,0x0CD53E22,"1,498",13,"1,498",47,
"[shell32.dll]",25,0.06,0x768CC05A,0,0,0,0,
"FoodMazaPos.Cashier.label3Click",25,0.06,0x0CD56EA8,500,13,500,47,
"[comctl32.dll]",24,0.06,0x70D3516E,0,0,0,0,
"[dui70.dll]",24,0.06,0x5EE99D48,0,0,0,0,
"[gdi32.dll]",24,0.06,0x76EB64BD,0,0,0,0,
"[KernelBase.dll]",24,0.06,0x75E2AD75,0,0,0,0,
"[windows.storage.dll]",24,0.06,0x7525A46E,0,0,0,0,
"FoodMazaPos.Inventory.InventoryHeaderInfo",24,0.06,0x09E08E96,310,21,310,80,
"[shell32.dll]",23,0.06,0x7691CF43,0,0,0,0,
"[shell32.dll]",23,0.06,0x76ABA7DA,0,0,0,0,
"[thumbcache.dll]",23,0.06,0x5ED817B1,0,0,0,0,
"[DropboxExt.26.0.dll]",22,0.05,0x5DCE0680,0,0,0,0,
"[ole32.dll]",21,0.05,0x77592F4D,0,0,0,0,
"[uxtheme.dll]",21,0.05,0x7132A21D,0,0,0,0,
"[win32u.dll]",21,0.05,0x76592C9C,0,0,0,0,
"[win32u.dll]",21,0.05,0x765934CC,0,0,0,0,
"[ExplorerFrame.dll]",20,0.05,0x60339F82,0,0,0,0,
"[propsys.dll]",20,0.05,0x6FFE4494,0,0,0,0,
"[shlwapi.dll]",20,0.05,0x766947CB,0,0,0,0,
"[uxtheme.dll]",19,0.05,0x71329E8A,0,0,0,0,
"[windows.storage.dll]",19,0.05,0x752612C8,0,0,0,0,
"[windows.storage.dll]",19,0.05,0x752A3A67,0,0,0,0,
"FoodMazaPos.Cashier.btnRefresh_Click",19,0.05,0x0CD53E4A,"1,500",13,"1,500",47,
"FoodMazaPos.Cashier.InitializeComponent",19,0.05,0x030A2715,105,13,105,88,
"[DropboxExt.26.0.dll]",18,0.04,0x5DCE07B2,0,0,0,0,
"[gdi32.dll]",18,0.04,0x76EB5A70,0,0,0,0,
"[KernelBase.dll]",18,0.04,0x75E27C02,0,0,0,0,
"[KernelBase.dll]",18,0.04,0x75E2BF44,0,0,0,0,
"[uxtheme.dll]",18,0.04,0x7132EBAA,0,0,0,0,
"[windows.storage.dll]",18,0.04,0x75237D72,0,0,0,0,
"[windows.storage.dll]",18,0.04,0x752B94F1,0,0,0,0,
"FoodMazaPos.SalesSummary.SalesEstimation",18,0.04,0x09FD40D3,102,21,102,80,
"[KernelBase.dll]",17,0.04,0x75E08789,0,0,0,0,
"[KernelBase.dll]",17,0.04,0x75E2A433,0,0,0,0,
"[shell32.dll]",17,0.04,0x76929A66,0,0,0,0,
"[shell32.dll]",17,0.04,0x76ACA8FC,0,0,0,0,
"[windows.storage.dll]",17,0.04,0x75247278,0,0,0,0,
"FoodMazaPos.Stocks.Dispose",17,0.04,0x08EC6AE5,20,13,20,37,
"[dfdll.dll]",16,0.04,0x5E63B44B,0,0,0,0,
"[duser.dll]",16,0.04,0x5EDC86B5,0,0,0,0,
"[ExplorerFrame.dll]",16,0.04,0x60353734,0,0,0,0,
"[nsi.dll]",16,0.04,0x75F31D13,0,0,0,0,
"[propsys.dll]",16,0.04,0x6FFE2F7A,0,0,0,0,
"[System.Windows.Forms.DataVisualization.ni.dll]",16,0.04,0x5F1C0BD6,0,0,0,0,
"[windows.storage.dll]",16,0.04,0x751D1818,0,0,0,0,
"[windows.storage.dll]",16,0.04,0x752A5D34,0,0,0,0,
"[atlthunk.dll]",15,0.04,0x5F7718F6,0,0,0,0,
"[comctl32.dll]",15,0.04,0x70D29F60,0,0,0,0,
"[msvcrt.dll]",15,0.04,0x757B87C0,0,0,0,0,
"[rpcrt4.dll]",15,0.04,0x761E757C,0,0,0,0,
"[uxtheme.dll]",15,0.04,0x7135E3B8,0,0,0,0,
"FoodMazaPos.SalesSummary.Dispose",15,0.04,0x09FD5D6D,20,13,20,37,
"FoodMazaPos.SalesSummary.Loadproducts",15,0.04,0x09FD5A43,279,37,279,72,
"[cfgmgr32.dll]",14,0.03,0x765B4DD9,0,0,0,0,
"[duser.dll]",14,0.03,0x5EDD3112,0,0,0,0,
"[KernelBase.dll]",14,0.03,0x75E12736,0,0,0,0,
"FoodMazaPos.Inventory.InitializeComponent",14,0.03,0x09E07A85,"2,218",13,"2,218",53,
"FoodMazaPos.updatestocks.Dispose",14,0.03,0x0CD5D00D,20,13,20,37,
"[combase.dll]",13,0.03,0x763E8928,0,0,0,0,
"[dui70.dll]",13,0.03,0x5EE714EA,0,0,0,0,
"[dui70.dll]",13,0.03,0x5EE834F3,0,0,0,0,
"[KernelBase.dll]",13,0.03,0x75E1EC9F,0,0,0,0,
"[KernelBase.dll]",13,0.03,0x75E2AC9D,0,0,0,0,
"[win32u.dll]",13,0.03,0x76592B6C,0,0,0,0,
"FoodMazaPos.SalesSummary.SalesEstimation",13,0.03,0x09FD3C73,71,21,71,80,
"[KernelBase.dll]",12,0.03,0x75E122CC,0,0,0,0,
"[KernelBase.dll]",12,0.03,0x75E25828,0,0,0,0,
"[msctf.dll]",12,0.03,0x7767CD5B,0,0,0,0,
"[ntdll.dll]",12,0.03,0x778E55C4,0,0,0,0,
"[windows.storage.dll]",12,0.03,0x752B459D,0,0,0,0,
"FoodMazaPos.Cashier.labelClick",12,0.03,0x08EC6E54,725,17,725,48,
"FoodMazaPos.InvoiceDetails.calculate",12,0.03,0x0CD566A2,101,17,101,79,
"[dui70.dll]",11,0.03,0x5EE9C5FE,0,0,0,0,
"[KernelBase.dll]",11,0.03,0x75E2C371,0,0,0,0,
"[msvcrt.dll]",11,0.03,0x757B85D5,0,0,0,0,
"[shell32.dll]",11,0.03,0x7691CD25,0,0,0,0,
"[shell32.dll]",11,0.03,0x76A3DE15,0,0,0,0,
"[System.Data.ni.dll]",11,0.03,0x64F54929,0,0,0,0,
"[windows.storage.dll]",11,0.03,0x752B949B,0,0,0,0,
"FoodMazaPos.Inventory..ctor",11,0.03,0x08EC200E,19,13,19,35,
"[comctl32.dll]",10,0.02,0x70D231C9,0,0,0,0,
"[KernelBase.dll]",10,0.02,0x75E1F0C1,0,0,0,0,
"[shell32.dll]",10,0.02,0x769C1EB5,0,0,0,0,
"[user32.dll]",10,0.02,0x7585BD56,0,0,0,0,
"[windows.storage.dll]",10,0.02,0x7521C69E,0,0,0,0,
"[windows.storage.dll]",10,0.02,0x75277576,0,0,0,0,
"[windows.storage.dll]",10,0.02,0x752775BA,0,0,0,0,
"FoodMazaPos.Cashier.labelClick",10,0.02,0x08EC6FCB,736,25,736,57,
"FoodMazaPos.Cashier.labelClick",10,0.02,0x08EC71F0,744,25,744,77,
"FoodMazaPos.Inventory.InventoryHeaderInfo",10,0.02,0x09E08796,258,17,258,38,
"FoodMazaPos.InvoiceDetails.dgv_1",10,0.02,0x0CD55EE1,75,13,75,97,
"FoodMazaPos.SalesSummary.Loadproducts",10,0.02,0x09FD5A77,280,37,280,60,
"[atlthunk.dll]",9,0.02,0x5F771ADF,0,0,0,0,
"[combase.dll]",9,0.02,0x7639DB1E,0,0,0,0,
"[combase.dll]",9,0.02,0x763E8B8C,0,0,0,0,
"[comctl32.dll]",9,0.02,0x70D2264F,0,0,0,0,
"[duser.dll]",9,0.02,0x5EDF58D9,0,0,0,0,
"[gdi32full.dll]",9,0.02,0x75FE75A0,0,0,0,0,
"[KernelBase.dll]",9,0.02,0x75E27B80,0,0,0,0,
"[KernelBase.dll]",9,0.02,0x75E2C12F,0,0,0,0,
"[mscoree.dll]",9,0.02,0x740D0C98,0,0,0,0,
"[msctf.dll]",9,0.02,0x77688935,0,0,0,0,
"[ntdll.dll]",9,0.02,0x778F7903,0,0,0,0,
"[shell32.dll]",9,0.02,0x7691D8BF,0,0,0,0,
"[StructuredQuery.dll]",9,0.02,0x5E857DD4,0,0,0,0,
"[System.Windows.Forms.DataVisualization.ni.dll]",9,0.02,0x5F1FDE73,0,0,0,0,
"[uxtheme.dll]",9,0.02,0x713286C0,0,0,0,0,
"[windows.storage.dll]",9,0.02,0x751967BA,0,0,0,0,
"[windows.storage.dll]",9,0.02,0x752774F8,0,0,0,0,
"[windows.storage.dll]",9,0.02,0x7529C337,0,0,0,0,
"FoodMazaPos.ExportToExcel.Dispose",9,0.02,0x09E6BD95,20,13,20,37,
"FoodMazaPos.ExportToExcel.LoadGridView1",9,0.02,0x09E6AA24,50,13,50,55,
"FoodMazaPos.SalesSummary.Loadproducts",9,0.02,0x09FD5ADF,282,37,282,62,
"[atlthunk.dll]",8,0.02,0x5F77194F,0,0,0,0,
"[atlthunk.dll]",8,0.02,0x5F771A8F,0,0,0,0,
"[combase.dll]",8,0.02,0x763A098E,0,0,0,0,
"[combase.dll]",8,0.02,0x7640F96D,0,0,0,0,
"[comctl32.dll]",8,0.02,0x70D2A505,0,0,0,0,
"[DropboxExt.26.0.dll]",8,0.02,0x5DCDE96C,0,0,0,0,
"[ExplorerFrame.dll]",8,0.02,0x60355E09,0,0,0,0,
"[gdi32.dll]",8,0.02,0x76EB4518,0,0,0,0,
"[KernelBase.dll]",8,0.02,0x75DF996C,0,0,0,0,
"[KernelBase.dll]",8,0.02,0x75E0F2F3,0,0,0,0,
"[KernelBase.dll]",8,0.02,0x75E111AE,0,0,0,0,
"[mscorlib.ni.dll]",8,0.02,0x72D48331,0,0,0,0,
"[msvcrt.dll]",8,0.02,0x757F8F59,0,0,0,0,
"[shell32.dll]",8,0.02,0x768CAD65,0,0,0,0,
"[shell32.dll]",8,0.02,0x7691D068,0,0,0,0,
"[shell32.dll]",8,0.02,0x76ACA280,0,0,0,0,
"[uxtheme.dll]",8,0.02,0x713305E2,0,0,0,0,
"[windows.storage.dll]",8,0.02,0x75194986,0,0,0,0,
"[windows.storage.dll]",8,0.02,0x751B8BB7,0,0,0,0,
"[windows.storage.dll]",8,0.02,0x752749EB,0,0,0,0,
"FoodMazaPos.About.Dispose",8,0.02,0x09FD7C8D,20,13,20,37,
"FoodMazaPos.Cashier.dgv1_CellEndEdit",8,0.02,0x0CD59457,776,17,776,71,
"FoodMazaPos.ExportToExcel.LoadGridView1",8,0.02,0x09E6AB32,55,13,55,56,
"FoodMazaPos.InvoiceDetails.Dispose",8,0.02,0x0CD56D9D,20,13,20,37,
"FoodMazaPos.InvoiceDetails.LoadGridView",8,0.02,0x0CD563C8,54,13,54,55,
"FoodMazaPos.SalesSummary.InitializeComponent",8,0.02,0x09FD384D,364,13,364,52,
"FoodMazaPos.SalesSummary.Loadproducts",8,0.02,0x09FD5256,232,49,232,107,
"FoodMazaPos.SalesSummary.Loadproducts",8,0.02,0x09FD5AAB,281,37,281,62,
"[atlthunk.dll]",7,0.02,0x5F77199F,0,0,0,0,
"[comctl32.dll]",7,0.02,0x70D3977D,0,0,0,0,
"[DropboxExt.26.0.dll]",7,0.02,0x5DCDCD6E,0,0,0,0,
"[dui70.dll]",7,0.02,0x5EE948CA,0,0,0,0,
"[duser.dll]",7,0.02,0x5EDCA03A,0,0,0,0,
"[ExplorerFrame.dll]",7,0.02,0x60366188,0,0,0,0,
"[KernelBase.dll]",7,0.02,0x75E21F96,0,0,0,0,
"[KernelBase.dll]",7,0.02,0x75E2F3AB,0,0,0,0,
"[msvcrt.dll]",7,0.02,0x757E7FA8,0,0,0,0,
"[ntdll.dll]",7,0.02,0x778FFE39,0,0,0,0,
"[rpcrt4.dll]",7,0.02,0x761E7A44,0,0,0,0,
"[windows.storage.dll]",7,0.02,0x751B853E,0,0,0,0,
"[windows.storage.dll]",7,0.02,0x75237E2F,0,0,0,0,
"[windows.storage.dll]",7,0.02,0x7525B913,0,0,0,0,
"FoodMazaPos.About..ctor",7,0.02,0x09FD5E22,18,13,18,35,
"FoodMazaPos.Inventory..ctor",7,0.02,0x08EC2005,18,13,18,35,
"FoodMazaPos.InvoiceDetails.LoadGridView",7,0.02,0x0CD56386,53,13,53,56,
"FoodMazaPos.InvoiceDetails.LoadGridView",7,0.02,0x0CD56449,56,13,56,59,
"FoodMazaPos.SalesSummary.SalesSummary_Load",7,0.02,0x09FD391B,46,13,46,31,
"FoodMazaPos.Stocks.LoadGridView1",7,0.02,0x08EC6183,308,13,308,59,
"FoodMazaPos.Stocks.LoadGridView1",7,0.02,0x08EC61B9,309,13,309,55,
"FoodMazaPos.updatestocks.dgv_1",7,0.02,0x0CD5CC0C,63,13,63,102,
"[clbcatq.dll]",6,0.01,0x7661452E,0,0,0,0,
"[comctl32.dll]",6,0.01,0x70D22D1D,0,0,0,0,
"[DropboxExt.26.0.dll]",6,0.01,0x5DCDFCBB,0,0,0,0,
"[dui70.dll]",6,0.01,0x5EE795D8,0,0,0,0,
"[dui70.dll]",6,0.01,0x5EEAA2E7,0,0,0,0,
"[dui70.dll]",6,0.01,0x5EEAA2EF,0,0,0,0,
"[ExplorerFrame.dll]",6,0.01,0x6033BF4D,0,0,0,0,
"[gdi32.dll]",6,0.01,0x76EB41F2,0,0,0,0,
"[gdi32.dll]",6,0.01,0x76EB708E,0,0,0,0,
"[kernel32.dll]",6,0.01,0x7500BFF3,0,0,0,0,
"[KernelBase.dll]",6,0.01,0x75E2A3B2,0,0,0,0,
"[msftedit.dll]",6,0.01,0x5EB1D047,0,0,0,0,
"[msvcrt.dll]",6,0.01,0x757FA0F6,0,0,0,0,
"[ntdll.dll]",6,0.01,0x7791B292,0,0,0,0,
"[propsys.dll]",6,0.01,0x6FFE446F,0,0,0,0,
"[sechost.dll]",6,0.01,0x766F0ECC,0,0,0,0,
"[System.Data.ni.dll]",6,0.01,0x65023E00,0,0,0,0,
"[twinapi.appcore.dll]",6,0.01,0x644D7BA7,0,0,0,0,
"[win32u.dll]",6,0.01,0x76592C5C,0,0,0,0,
"[windows.storage.dll]",6,0.01,0x752350E9,0,0,0,0,
"[windows.storage.dll]",6,0.01,0x75265CDF,0,0,0,0,
"[windows.storage.dll]",6,0.01,0x752CDC33,0,0,0,0,
"FoodMazaPos.Cashier.cLOCKOUTLOGOUTToolStripMenuItem_Click",6,0.01,0x0CD5D070,"1,678",13,"1,678",25,
"FoodMazaPos.ExportToExcel.LoadGridView1",6,0.01,0x09E6AB9E,57,13,57,59,
"FoodMazaPos.ExportToExcel.LoadGridView1",6,0.01,0x09E6ABD4,58,13,58,55,
"FoodMazaPos.ExportToExcel.LoadGridView1",6,0.01,0x09E6AC91,61,13,61,56,
"FoodMazaPos.InvoiceDetails.LoadGridView",6,0.01,0x0CD56119,42,13,42,55,
"FoodMazaPos.InvoiceDetails.LoadGridView",6,0.01,0x0CD561BB,45,13,45,54,
"FoodMazaPos.InvoiceDetails.LoadGridView",6,0.01,0x0CD562C9,50,13,50,55,
"FoodMazaPos.Login.btnLogin_Click",6,0.01,0x0CD5E3DA,51,21,51,33,
"FoodMazaPos.SalesSummary.InitializeComponent",6,0.01,0x09FD3823,362,13,362,52,
"FoodMazaPos.updatestocks.dgv_1",6,0.01,0x0CD5CBE9,62,13,62,97,
"[atlthunk.dll]",5,0.01,0x5F7718A6,0,0,0,0,
"[atlthunk.dll]",5,0.01,0x5F771B7F,0,0,0,0,
"[DropboxExt.26.0.dll]",5,0.01,0x5DCDFFB6,0,0,0,0,
"[ExplorerFrame.dll]",5,0.01,0x6035D1DD,0,0,0,0,
"[ExplorerFrame.dll]",5,0.01,0x60367341,0,0,0,0,
"[kernel32.dll]",5,0.01,0x7500C919,0,0,0,0,
"[KernelBase.dll]",5,0.01,0x75E05013,0,0,0,0,
"[KernelBase.dll]",5,0.01,0x75E12741,0,0,0,0,
"[KernelBase.dll]",5,0.01,0x75E20933,0,0,0,0,
"[KernelBase.dll]",5,0.01,0x75E20EC7,0,0,0,0,
"[KernelBase.dll]",5,0.01,0x75E25462,0,0,0,0,
"[KernelBase.dll]",5,0.01,0x75E305A7,0,0,0,0,
"[rpcrt4.dll]",5,0.01,0x761E6F22,0,0,0,0,
"[SHCore.dll]",5,0.01,0x774D8CBA,0,0,0,0,
"[shell32.dll]",5,0.01,0x768CBFE4,0,0,0,0,
"[shell32.dll]",5,0.01,0x7695BD96,0,0,0,0,
"[System.Drawing.ni.dll]",5,0.01,0x6D1A0D37,0,0,0,0,
"[System.Windows.Forms.DataVisualization.ni.dll]",5,0.01,0x5F2128C5,0,0,0,0,
"[uxtheme.dll]",5,0.01,0x713258E5,0,0,0,0,
"[win32u.dll]",5,0.01,0x76592CBC,0,0,0,0,
"[windows.storage.dll]",5,0.01,0x75230853,0,0,0,0,
"FoodMazaPos.Cashier.Dgv_1",5,0.01,0x030AF578,399,13,399,74,
"FoodMazaPos.Cashier.Dgv_1",5,0.01,0x030AF5E5,403,13,403,102,
"FoodMazaPos.ExportToExcel.LoadGridView1",5,0.01,0x09E6AA90,52,13,52,53,
"FoodMazaPos.ExportToExcel.LoadGridView1",5,0.01,0x09E6AAC6,53,13,53,54,
"FoodMazaPos.ExportToExcel.LoadGridView1",5,0.01,0x09E6AAFC,54,13,54,57,
"FoodMazaPos.ExportToExcel.LoadGridView1",5,0.01,0x09E6AC4F,60,13,60,55,
"FoodMazaPos.ExportToExcel.LoadGridView1",5,0.01,0x09E6ACD3,62,13,62,55,
"FoodMazaPos.ExportToExcel.LoadGridView1",5,0.01,0x09E6AD54,64,13,64,59,
"FoodMazaPos.Inventory.InventoryHeaderInfo",5,0.01,0x09E08E3C,306,17,306,38,
"FoodMazaPos.InvoiceDetails.LoadGridView",5,0.01,0x0CD56025,31,13,31,28,
"FoodMazaPos.InvoiceDetails.LoadGridView",5,0.01,0x0CD5625D,48,13,48,57,
"FoodMazaPos.InvoiceDetails.LoadGridView",5,0.01,0x0CD56293,49,13,49,59,
"FoodMazaPos.InvoiceDetails.LoadGridView",5,0.01,0x0CD56344,52,13,52,55,
"FoodMazaPos.InvoiceDetails.LoadGridView",5,0.01,0x0CD564CA,58,13,58,58,
"FoodMazaPos.InvoiceDetails.LoadGridView",5,0.01,0x0CD5654B,60,13,60,62,
"FoodMazaPos.SalesSummary.SalesEstimation",5,0.01,0x09FD3C2F,65,17,65,38,
"FoodMazaPos.Stocks.LoadGridView1",5,0.01,0x08EC60AB,304,13,304,53,
"FoodMazaPos.Stocks.LoadGridView1",5,0.01,0x08EC60E1,305,13,305,55,
"FoodMazaPos.Stocks.LoadGridView1",5,0.01,0x08EC6117,306,13,306,57,
"FoodMazaPos.Stocks.LoadGridView1",5,0.01,0x08EC614D,307,13,307,58,
"FoodMazaPos.Stocks.LoadGridView1",5,0.01,0x08EC61EF,310,13,310,55,
"FoodMazaPos.updatestocks.LoadGridView1",5,0.01,0x0CD5C8B7,33,13,33,28,
"[cfgmgr32.dll]",4,0.01,0x765B3F23,0,0,0,0,
"[combase.dll]",4,0.01,0x76410E1A,0,0,0,0,
"[DevDispItemProvider.dll]",4,0.01,0x6CEDACCE,0,0,0,0,
"[ExplorerFrame.dll]",4,0.01,0x6036725B,0,0,0,0,
"[gdi32.dll]",4,0.01,0x76EB6C49,0,0,0,0,
"[IPHLPAPI.DLL]",4,0.01,0x74CC7C6E,0,0,0,0,
"[KernelBase.dll]",4,0.01,0x75E2F6D1,0,0,0,0,
"[mscorlib.ni.dll]",4,0.01,0x7263E13F,0,0,0,0,
"[msi.dll]",4,0.01,0x706488F7,0,0,0,0,
"[msvcrt.dll]",4,0.01,0x757F8F61,0,0,0,0,
"[ntdll.dll]",4,0.01,0x779085C0,0,0,0,0,
"[ntdll.dll]",4,0.01,0x7791A833,0,0,0,0,
"[ntdll.dll]",4,0.01,0x7792071C,0,0,0,0,
"[propsys.dll]",4,0.01,0x6FFF95F8,0,0,0,0,
"[shell32.dll]",4,0.01,0x7691CD6C,0,0,0,0,
"[shell32.dll]",4,0.01,0x769FF544,0,0,0,0,
"[shell32.dll]",4,0.01,0x76ACA8C1,0,0,0,0,
"[thumbcache.dll]",4,0.01,0x5ED80DA0,0,0,0,0,
"[thumbcache.dll]",4,0.01,0x5ED80E4B,0,0,0,0,
"[twinapi.appcore.dll]",4,0.01,0x644D7C09,0,0,0,0,
"[uxtheme.dll]",4,0.01,0x7135FDDF,0,0,0,0,
"[windows.storage.dll]",4,0.01,0x7524707B,0,0,0,0,
"[windows.storage.dll]",4,0.01,0x752A7DAB,0,0,0,0,
"[wkscli.dll]",4,0.01,0x74142F75,0,0,0,0,
"FoodMazaPos.Cashier.Dgv_1",4,0.01,0x030AF5C2,402,13,402,97,
"FoodMazaPos.ExportToExcel.LoadGridView1",4,0.01,0x09E6AA5A,51,13,51,52,
"FoodMazaPos.ExportToExcel.LoadGridView1",4,0.01,0x09E6AB68,56,13,56,57,
"FoodMazaPos.ExportToExcel.LoadGridView1",4,0.01,0x09E6ADD5,66,13,66,58,
"FoodMazaPos.ExportToExcel.LoadGridView1",4,0.01,0x09E6AE56,68,13,68,62,
"FoodMazaPos.ExportToExcel.LoadGridView1",4,0.01,0x09E6AED7,70,13,70,54,
"FoodMazaPos.Inventory.InitializeComponent",4,0.01,0x09DFB2C8,"1,043",13,"1,043",51,
"FoodMazaPos.Inventory.InitializeComponent",4,0.01,0x09E079AE,"2,208",13,"2,208",50,
"FoodMazaPos.InvoiceDetails.InitializeComponent",4,0.01,0x0CD55D31,216,13,216,52,
"FoodMazaPos.InvoiceDetails.LoadGridView",4,0.01,0x0CD5614F,43,13,43,52,
"FoodMazaPos.InvoiceDetails.LoadGridView",4,0.01,0x0CD56185,44,13,44,53,
"FoodMazaPos.InvoiceDetails.LoadGridView",4,0.01,0x0CD561F1,46,13,46,57,
"FoodMazaPos.InvoiceDetails.LoadGridView",4,0.01,0x0CD56227,47,13,47,56,
"FoodMazaPos.InvoiceDetails.SearchInvoice_Click",4,0.01,0x0CD56CDB,139,17,139,39,
"FoodMazaPos.SalesSummary.SalesEstimation",4,0.01,0x09FD44ED,133,21,133,80,
"FoodMazaPos.Stocks.InitializeComponent",4,0.01,0x08EC5C16,337,13,337,52,
"FoodMazaPos.updatestocks.dgv_1",4,0.01,0x0CD5CB9F,59,13,59,74,
"[atlthunk.dll]",3,0.01,0x5F771B2F,0,0,0,0,
"[cfgmgr32.dll]",3,0.01,0x765BFAAC,0,0,0,0,
"[clbcatq.dll]",3,0.01,0x76614571,0,0,0,0,
"[combase.dll]",3,0.01,0x7640CAF5,0,0,0,0,
"[combase.dll]",3,0.01,0x7640CC09,0,0,0,0,
"[dui70.dll]",3,0.01,0x5EE69528,0,0,0,0,
"[dui70.dll]",3,0.01,0x5EE748DD,0,0,0,0,
"[dui70.dll]",3,0.01,0x5EE99F38,0,0,0,0,
"[duser.dll]",3,0.01,0x5EDCB5FA,0,0,0,0,
"[ExplorerFrame.dll]",3,0.01,0x6033E4D1,0,0,0,0,
"[ExplorerFrame.dll]",3,0.01,0x6034FC5A,0,0,0,0,
"[ExplorerFrame.dll]",3,0.01,0x60363C06,0,0,0,0,
"[ExplorerFrame.dll]",3,0.01,0x6037618C,0,0,0,0,
"[ExplorerFrame.dll]",3,0.01,0x603767F3,0,0,0,0,
"[gdi32.dll]",3,0.01,0x76EB6014,0,0,0,0,
"[gdi32.dll]",3,0.01,0x76EB6C88,0,0,0,0,
"[gdi32.dll]",3,0.01,0x76EB70BF,0,0,0,0,
"[gdi32full.dll]",3,0.01,0x75FFAED5,0,0,0,0,
"[kernel32.dll]",3,0.01,0x75010AB0,0,0,0,0,
"[kernel32.dll]",3,0.01,0x75010ADD,0,0,0,0,
"[kernel32.dll]",3,0.01,0x75012E21,0,0,0,0,
"[KernelBase.dll]",3,0.01,0x75E08466,0,0,0,0,
"[KernelBase.dll]",3,0.01,0x75E1FE36,0,0,0,0,
"[KernelBase.dll]",3,0.01,0x75E20135,0,0,0,0,
"[KernelBase.dll]",3,0.01,0x75E20184,0,0,0,0,
"[KernelBase.dll]",3,0.01,0x75E20FBF,0,0,0,0,
"[KernelBase.dll]",3,0.01,0x75E21E26,0,0,0,0,
"[KernelBase.dll]",3,0.01,0x75E27D7A,0,0,0,0,
"[KernelBase.dll]",3,0.01,0x75E2C451,0,0,0,0,
"[KernelBase.dll]",3,0.01,0x75E37801,0,0,0,0,
"[KernelBase.dll]",3,0.01,0x75E7545A,0,0,0,0,
"[mscorlib.ni.dll]",3,0.01,0x7265F725,0,0,0,0,
"[msftedit.dll]",3,0.01,0x5EB81121,0,0,0,0,
"[msvcrt.dll]",3,0.01,0x757F7EC0,0,0,0,0,
"[msvcrt.dll]",3,0.01,0x757F8F5C,0,0,0,0,
"[msvcrt.dll]",3,0.01,0x757FA19A,0,0,0,0,
"[msvcrt.dll]",3,0.01,0x757FA97F,0,0,0,0,
"[ntdll.dll]",3,0.01,0x778F4F28,0,0,0,0,
"[ntdll.dll]",3,0.01,0x778F4FAA,0,0,0,0,
"[ntdll.dll]",3,0.01,0x778FC85A,0,0,0,0,
"[ntdll.dll]",3,0.01,0x779346B0,0,0,0,0,
"[ole32.dll]",3,0.01,0x77592D5A,0,0,0,0,
"[propsys.dll]",3,0.01,0x6FFCCCD5,0,0,0,0,
"[rpcrt4.dll]",3,0.01,0x761E6467,0,0,0,0,
"[safemon.dll]",3,0.01,0x6F66E071,0,0,0,0,
"[SHCore.dll]",3,0.01,0x7750017A,0,0,0,0,
"[shell32.dll]",3,0.01,0x768CAC95,0,0,0,0,
"[shell32.dll]",3,0.01,0x7691D89F,0,0,0,0,
"[shell32.dll]",3,0.01,0x76ABAF65,0,0,0,0,
"[StructuredQuery.dll]",3,0.01,0x5E85B93E,0,0,0,0,
"[System.Windows.Forms.DataVisualization.ni.dll]",3,0.01,0x5F1C1AF5,0,0,0,0,
"[twinapi.appcore.dll]",3,0.01,0x64505AF2,0,0,0,0,
"[uxtheme.dll]",3,0.01,0x7132776D,0,0,0,0,
"[uxtheme.dll]",3,0.01,0x7135FDAA,0,0,0,0,
"[win32u.dll]",3,0.01,0x7659309C,0,0,0,0,
"[windows.storage.dll]",3,0.01,0x751D17D6,0,0,0,0,
"[windows.storage.dll]",3,0.01,0x75235394,0,0,0,0,
"[windows.storage.dll]",3,0.01,0x7526E3FB,0,0,0,0,
"[windows.storage.dll]",3,0.01,0x752C1893,0,0,0,0,
"[windows.storage.dll]",3,0.01,0x752FCA74,0,0,0,0,
"[WindowsCodecs.dll]",3,0.01,0x6F4850EA,0,0,0,0,
"[wkscli.dll]",3,0.01,0x74142EF3,0,0,0,0,
"FoodMazaPos.Cashier.Dgv_1",3,0.01,0x030AF65B,410,13,410,88,
"FoodMazaPos.Inventory.InitializeComponent",3,0.01,0x09E0820A,"2,310",13,"2,310",38,
"FoodMazaPos.InvoiceDetails.LoadGridView",3,0.01,0x0CD565CC,62,13,62,54,
"FoodMazaPos.SalesSummary.SalesEstimation",3,0.01,0x09FD4083,96,17,96,38,
"FoodMazaPos.updatestocks.InitializeComponent",3,0.01,0x0CD5C750,301,13,301,52,
"FoodMazaPos.updatestocks.LoadGridView1",3,0.01,0x0CD5CA4D,47,13,47,58,
"FoodMazaPos.updatestocks.LoadGridView1",3,0.01,0x0CD5CA83,48,13,48,59,
"FoodMazaPos.updatestocks.LoadGridView1",3,0.01,0x0CD5CAB9,49,13,49,55,
"[advapi32.dll]",2,0.00,0x756ECD26,0,0,0,0,
"[atlthunk.dll]",2,0.00,0x5F771A3F,0,0,0,0,
"[atlthunk.dll]",2,0.00,0x5F771BCF,0,0,0,0,
"[clr.dll]",2,0.00,0x73A1EB04,0,0,0,0,
"[combase.dll]",2,0.00,0x7639DBA0,0,0,0,0,
"[combase.dll]",2,0.00,0x763E8B6A,0,0,0,0,
"[comctl32.dll]",2,0.00,0x70D1727C,0,0,0,0,
"[comctl32.dll]",2,0.00,0x70D2B528,0,0,0,0,
"[comctl32.dll]",2,0.00,0x70D3C01D,0,0,0,0,
"[dlnashext.dll]",2,0.00,0x6CF634A3,0,0,0,0,
"[DropboxExt.26.0.dll]",2,0.00,0x5DCDFFD1,0,0,0,0,
"[dui70.dll]",2,0.00,0x5EE74385,0,0,0,0,
"[dui70.dll]",2,0.00,0x5EE7A7A9,0,0,0,0,
"[duser.dll]",2,0.00,0x5EDCA5C2,0,0,0,0,
"[duser.dll]",2,0.00,0x5EDCB9D6,0,0,0,0,
"[duser.dll]",2,0.00,0x5EDD0610,0,0,0,0,
"[duser.dll]",2,0.00,0x5EDD28E1,0,0,0,0,
"[duser.dll]",2,0.00,0x5EDD2917,0,0,0,0,
"[duser.dll]",2,0.00,0x5EDD292E,0,0,0,0,
"[ExplorerFrame.dll]",2,0.00,0x603534C4,0,0,0,0,
"[ExplorerFrame.dll]",2,0.00,0x6035351E,0,0,0,0,
"[ExplorerFrame.dll]",2,0.00,0x6035CAB6,0,0,0,0,
"[ExplorerFrame.dll]",2,0.00,0x6035CB60,0,0,0,0,
"[ExplorerFrame.dll]",2,0.00,0x6035D238,0,0,0,0,
"[ExplorerFrame.dll]",2,0.00,0x6035D2D4,0,0,0,0,
"[ExplorerFrame.dll]",2,0.00,0x603615ED,0,0,0,0,
"[gdi32.dll]",2,0.00,0x76EB44D2,0,0,0,0,
"[gdi32.dll]",2,0.00,0x76EB6D42,0,0,0,0,
"[gdi32.dll]",2,0.00,0x76EB73EF,0,0,0,0,
"[gdi32full.dll]",2,0.00,0x75FE1C9E,0,0,0,0,
"[IPHLPAPI.DLL]",2,0.00,0x74CCCDCC,0,0,0,0,
"[kernel32.dll]",2,0.00,0x7500EF42,0,0,0,0,
"[kernel32.dll]",2,0.00,0x7500EF43,0,0,0,0,
"[kernel32.dll]",2,0.00,0x750105B4,0,0,0,0,
"[KernelBase.dll]",2,0.00,0x75E11FDE,0,0,0,0,
"[KernelBase.dll]",2,0.00,0x75E1F06B,0,0,0,0,
"[KernelBase.dll]",2,0.00,0x75E20AE2,0,0,0,0,
"[KernelBase.dll]",2,0.00,0x75E20CDE,0,0,0,0,
"[KernelBase.dll]",2,0.00,0x75E299A7,0,0,0,0,
"[KernelBase.dll]",2,0.00,0x75E2A830,0,0,0,0,
"[KernelBase.dll]",2,0.00,0x75E2B6F8,0,0,0,0,
"[KernelBase.dll]",2,0.00,0x75E2F68F,0,0,0,0,
"[msftedit.dll]",2,0.00,0x5EB1A145,0,0,0,0,
"[msvcrt.dll]",2,0.00,0x757CDCC1,0,0,0,0,
"[msvcrt.dll]",2,0.00,0x757F8F10,0,0,0,0,
"[msvcrt.dll]",2,0.00,0x757F8F67,0,0,0,0,
"[msvcrt.dll]",2,0.00,0x757F8F75,0,0,0,0,
"[msvcrt.dll]",2,0.00,0x757F8F84,0,0,0,0,
"[msvcrt.dll]",2,0.00,0x757F8F8C,0,0,0,0,
"[msvcrt.dll]",2,0.00,0x757F8F8D,0,0,0,0,
"[msvcrt.dll]",2,0.00,0x757F8F94,0,0,0,0,
"[msvcrt.dll]",2,0.00,0x757F8F95,0,0,0,0,
"[msvcrt.dll]",2,0.00,0x757FA55E,0,0,0,0,
"[msvcrt.dll]",2,0.00,0x757FA6BB,0,0,0,0,
"[ntdll.dll]",2,0.00,0x778E0912,0,0,0,0,
"[ntdll.dll]",2,0.00,0x778F1F02,0,0,0,0,
"[ntdll.dll]",2,0.00,0x778F1F09,0,0,0,0,
"[ntdll.dll]",2,0.00,0x778F521A,0,0,0,0,
"[ntdll.dll]",2,0.00,0x778FFDF0,0,0,0,0,
"[ntdll.dll]",2,0.00,0x778FFFF2,0,0,0,0,
"[ntdll.dll]",2,0.00,0x77900002,0,0,0,0,
"[ntdll.dll]",2,0.00,0x77909D80,0,0,0,0,
"[ntdll.dll]",2,0.00,0x779205AC,0,0,0,0,
"[ntdll.dll]",2,0.00,0x77921A6C,0,0,0,0,
"[ntdll.dll]",2,0.00,0x779228A7,0,0,0,0,
"[ntdll.dll]",2,0.00,0x779343A0,0,0,0,0,
"[ntdll.dll]",2,0.00,0x779353D5,0,0,0,0,
"[oleacc.dll]",2,0.00,0x6FF4FAB0,0,0,0,0,
"[policymanager.dll]",2,0.00,0x5E2F0185,0,0,0,0,
"[rpcrt4.dll]",2,0.00,0x761F611D,0,0,0,0,
"[rpcrt4.dll]",2,0.00,0x7621E0DE,0,0,0,0,
"[SHCore.dll]",2,0.00,0x774D9DBB,0,0,0,0,
"[shell32.dll]",2,0.00,0x768CAD43,0,0,0,0,
"[shell32.dll]",2,0.00,0x768CC647,0,0,0,0,
"[shell32.dll]",2,0.00,0x7691CC13,0,0,0,0,
"[shell32.dll]",2,0.00,0x769292B9,0,0,0,0,
"[shell32.dll]",2,0.00,0x769298F4,0,0,0,0,
"[shell32.dll]",2,0.00,0x769C22D2,0,0,0,0,
"[System.Data.ni.dll]",2,0.00,0x6501DA1D,0,0,0,0,
"[System.Drawing.ni.dll]",2,0.00,0x6D1A0EAF,0,0,0,0,
"[System.Windows.Forms.DataVisualization.ni.dll]",2,0.00,0x5F1C0AAA,0,0,0,0,
"[System.Windows.Forms.DataVisualization.ni.dll]",2,0.00,0x5F1C1591,0,0,0,0,
"[System.Windows.Forms.DataVisualization.ni.dll]",2,0.00,0x5F226157,0,0,0,0,
"[thumbcache.dll]",2,0.00,0x5ED80D23,0,0,0,0,
"[thumbcache.dll]",2,0.00,0x5EDA5C87,0,0,0,0,
"[user32.dll]",2,0.00,0x7586864E,0,0,0,0,
"[uxtheme.dll]",2,0.00,0x713286A5,0,0,0,0,
"[uxtheme.dll]",2,0.00,0x7132EBDD,0,0,0,0,
"[uxtheme.dll]",2,0.00,0x7132FFED,0,0,0,0,
"[uxtheme.dll]",2,0.00,0x7133968F,0,0,0,0,
"[uxtheme.dll]",2,0.00,0x7134DF66,0,0,0,0,
"[uxtheme.dll]",2,0.00,0x7134DF82,0,0,0,0,
"[win32u.dll]",2,0.00,0x7659342C,0,0,0,0,
"[win32u.dll]",2,0.00,0x7659385C,0,0,0,0,
"[windows.storage.dll]",2,0.00,0x751B94E4,0,0,0,0,
"[windows.storage.dll]",2,0.00,0x75201B88,0,0,0,0,
"[windows.storage.dll]",2,0.00,0x75231EF3,0,0,0,0,
"[windows.storage.dll]",2,0.00,0x75237E4F,0,0,0,0,
"[WindowsCodecs.dll]",2,0.00,0x6F498065,0,0,0,0,
"[WMVCORE.DLL]",2,0.00,0x5D88DEA5,0,0,0,0,
"[xmllite.dll]",2,0.00,0x716CF67B,0,0,0,0,
"FoodMazaPos.About.InitializeComponent",2,0.00,0x09FD68CD,71,13,71,42,
"FoodMazaPos.About.InitializeComponent",2,0.00,0x09FD6972,73,13,73,72,
"FoodMazaPos.Cashier.btnRefresh_Click",2,0.00,0x0CD53D64,"1,490",13,"1,490",31,
"FoodMazaPos.Cashier.Dgv_1",2,0.00,0x030AF67E,413,13,413,93,
"FoodMazaPos.Cashier.InitializeComponent",2,0.00,0x030AA1D5,937,13,937,45,
"FoodMazaPos.ExportToExcel.ExportToExcel_Load",2,0.00,0x09E69BF5,22,13,22,21,
"FoodMazaPos.ExportToExcel.LoadGridView6",2,0.00,0x09E6B8A4,161,13,161,34,
"FoodMazaPos.Inventory.InitializeComponent",2,0.00,0x09DF18DD,161,13,161,65,
"FoodMazaPos.Inventory.InitializeComponent",2,0.00,0x09E00395,"1,507",13,"1,507",77,
"FoodMazaPos.Inventory.InitializeComponent",2,0.00,0x09E040A5,"1,849",13,"1,849",41,
"FoodMazaPos.Inventory.InitializeComponent",2,0.00,0x09E057DE,"1,975",13,"1,975",51,
"FoodMazaPos.Inventory.InitializeComponent",2,0.00,0x09E06085,"2,020",13,"2,020",69,
"FoodMazaPos.Inventory.InitializeComponent",2,0.00,0x09E07B01,"2,224",13,"2,224",53,
"FoodMazaPos.Inventory.InitializeComponent",2,0.00,0x09E07BD3,"2,234",13,"2,234",52,
"FoodMazaPos.Inventory.InitializeComponent",2,0.00,0x09E07BE9,"2,235",13,"2,235",56,
"FoodMazaPos.Inventory.InitializeComponent",2,0.00,0x09E07C52,"2,240",13,"2,240",56,
"FoodMazaPos.Inventory.InitializeComponent",2,0.00,0x09E07C68,"2,241",13,"2,241",43,
"FoodMazaPos.Inventory.InitializeComponent",2,0.00,0x09E07C94,"2,243",13,"2,243",56,
"FoodMazaPos.Inventory.InitializeComponent",2,0.00,0x09E07D13,"2,249",13,"2,249",53,
"FoodMazaPos.Inventory.InitializeComponent",2,0.00,0x09E07DE5,"2,259",13,"2,259",53,
"FoodMazaPos.Inventory.InitializeComponent",2,0.00,0x09E07E63,"2,265",13,"2,265",53,
"FoodMazaPos.Inventory.InitializeComponent",2,0.00,0x09E0815C,"2,301",13,"2,301",53,
"FoodMazaPos.Inventory.InventoryHeaderInfo",2,0.00,0x09E08A2F,281,17,281,38,
"FoodMazaPos.Inventory.InventoryHeaderInfo",2,0.00,0x09E09C72,420,17,420,38,
"FoodMazaPos.Inventory.InventoryHeaderInfo",2,0.00,0x09E09EA9,440,17,440,38,
"FoodMazaPos.Inventory.LoadGridView2",2,0.00,0x09E0B7FC,187,13,187,34,
"FoodMazaPos.Inventory.LoadGridView3",2,0.00,0x09E0BAA4,209,13,209,34,
"FoodMazaPos.Inventory.LoadGridView4",2,0.00,0x09E0BD27,230,13,230,34,
"FoodMazaPos.InvoiceDetails.InvoiceDetails_Load",2,0.00,0x0CD55DE5,26,13,26,25,
"FoodMazaPos.SalesSummary.SalesEstimation",2,0.00,0x09FD449D,127,17,127,38,
"FoodMazaPos.SalesSummary.SalesEstimation",2,0.00,0x09FD493C,158,17,158,38,
"FoodMazaPos.Stocks..ctor",2,0.00,0x09E0E472,22,13,22,35,
"FoodMazaPos.Stocks.dgv_1",2,0.00,0x08EC5E79,322,13,322,97,
"FoodMazaPos.Stocks.InitializeComponent",2,0.00,0x08EC2FE1,102,13,102,158,
"FoodMazaPos.updatestocks..ctor",2,0.00,0x0CD597CA,21,13,21,35,
"FoodMazaPos.updatestocks.dgv_1",2,0.00,0x0CD5CC82,70,13,70,88,
"FoodMazaPos.updatestocks.dgv_1",2,0.00,0x0CD5CCA5,73,13,73,93,
"FoodMazaPos.updatestocks.LoadGridView1",2,0.00,0x0CD5C9AB,44,13,44,53,
"FoodMazaPos.updatestocks.LoadGridView1",2,0.00,0x0CD5CA17,46,13,46,57,
"FoodMazaPos.updatestocks.LoadGridView1",2,0.00,0x0CD5CAEF,50,13,50,55,
"[atlthunk.dll]",1,0.00,0x5F771806,0,0,0,0,
"[atlthunk.dll]",1,0.00,0x5F771979,0,0,0,0,
"[atlthunk.dll]",1,0.00,0x5F771B09,0,0,0,0,
"[cfgmgr32.dll]",1,0.00,0x765BC35D,0,0,0,0,
"[cfgmgr32.dll]",1,0.00,0x765BDB98,0,0,0,0,
"[cfgmgr32.dll]",1,0.00,0x765BF618,0,0,0,0,
"[clbcatq.dll]",1,0.00,0x7660DD27,0,0,0,0,
"[clr.dll]",1,0.00,0x737CEC22,0,0,0,0,
"[clr.dll]",1,0.00,0x737CED50,0,0,0,0,
"[clr.dll]",1,0.00,0x737D983D,0,0,0,0,
"[clr.dll]",1,0.00,0x737D9895,0,0,0,0,
"[combase.dll]",1,0.00,0x7639DD76,0,0,0,0,
"[combase.dll]",1,0.00,0x763CFE41,0,0,0,0,
"[combase.dll]",1,0.00,0x763D0CF2,0,0,0,0,
"[combase.dll]",1,0.00,0x763D1C28,0,0,0,0,
"[combase.dll]",1,0.00,0x763DA88F,0,0,0,0,
"[combase.dll]",1,0.00,0x763E5CCD,0,0,0,0,
"[combase.dll]",1,0.00,0x763E5D33,0,0,0,0,
"[combase.dll]",1,0.00,0x763E8900,0,0,0,0,
"[combase.dll]",1,0.00,0x763E8912,0,0,0,0,
"[combase.dll]",1,0.00,0x763E8B62,0,0,0,0,
"[combase.dll]",1,0.00,0x763E8B63,0,0,0,0,
"[combase.dll]",1,0.00,0x7640E600,0,0,0,0,
"[combase.dll]",1,0.00,0x7640F954,0,0,0,0,
"[combase.dll]",1,0.00,0x76410328,0,0,0,0,
"[combase.dll]",1,0.00,0x76418F32,0,0,0,0,
"[combase.dll]",1,0.00,0x7641BD74,0,0,0,0,
"[combase.dll]",1,0.00,0x7641C07D,0,0,0,0,
"[combase.dll]",1,0.00,0x7641D8B0,0,0,0,0,
"[combase.dll]",1,0.00,0x764238A4,0,0,0,0,
"[combase.dll]",1,0.00,0x76431C8D,0,0,0,0,
"[combase.dll]",1,0.00,0x7643492A,0,0,0,0,
"[combase.dll]",1,0.00,0x764464A1,0,0,0,0,
"[combase.dll]",1,0.00,0x7645CED2,0,0,0,0,
"[comctl32.dll]",1,0.00,0x70D09DC9,0,0,0,0,
"[comctl32.dll]",1,0.00,0x70D1725C,0,0,0,0,
"[comctl32.dll]",1,0.00,0x70D2BC22,0,0,0,0,
"[comctl32.dll]",1,0.00,0x70D2BC27,0,0,0,0,
"[comctl32.dll]",1,0.00,0x70D2BC6F,0,0,0,0,
"[comctl32.dll]",1,0.00,0x70D352EC,0,0,0,0,
"[d3d11.dll]",1,0.00,0x6602D036,0,0,0,0,
"[davclnt.dll]",1,0.00,0x5E5F300D,0,0,0,0,
"[dcomp.dll]",1,0.00,0x646BCCE7,0,0,0,0,
"[dhcpcsvc.dll]",1,0.00,0x70F13484,0,0,0,0,
"[dhcpcsvc6.dll]",1,0.00,0x7113251F,0,0,0,0,
"[dlnashext.dll]",1,0.00,0x6CF4A3D2,0,0,0,0,
"[dlnashext.dll]",1,0.00,0x6CF4B4FA,0,0,0,0,
"[dlnashext.dll]",1,0.00,0x6CF5BC08,0,0,0,0,
"[dlnashext.dll]",1,0.00,0x6CF634AA,0,0,0,0,
"[DropboxExt.26.0.dll]",1,0.00,0x5DCDFC70,0,0,0,0,
"[DropboxExt.26.0.dll]",1,0.00,0x5DCE30BA,0,0,0,0,
"[drprov.dll]",1,0.00,0x5F641ECD,0,0,0,0,
"[dui70.dll]",1,0.00,0x5EE699ED,0,0,0,0,
"[dui70.dll]",1,0.00,0x5EE74E12,0,0,0,0,
"[dui70.dll]",1,0.00,0x5EE762C6,0,0,0,0,
"[dui70.dll]",1,0.00,0x5EE76415,0,0,0,0,
"[dui70.dll]",1,0.00,0x5EE78829,0,0,0,0,
"[dui70.dll]",1,0.00,0x5EE79543,0,0,0,0,
"[dui70.dll]",1,0.00,0x5EE7E45B,0,0,0,0,
"[dui70.dll]",1,0.00,0x5EE825A0,0,0,0,0,
"[dui70.dll]",1,0.00,0x5EE83072,0,0,0,0,
"[dui70.dll]",1,0.00,0x5EE83149,0,0,0,0,
"[dui70.dll]",1,0.00,0x5EE83362,0,0,0,0,
"[dui70.dll]",1,0.00,0x5EE83367,0,0,0,0,
"[dui70.dll]",1,0.00,0x5EE836C8,0,0,0,0,
"[dui70.dll]",1,0.00,0x5EE83778,0,0,0,0,
"[dui70.dll]",1,0.00,0x5EE93FED,0,0,0,0,
"[dui70.dll]",1,0.00,0x5EE94D49,0,0,0,0,
"[dui70.dll]",1,0.00,0x5EE979DA,0,0,0,0,
"[dui70.dll]",1,0.00,0x5EE9A059,0,0,0,0,
"[dui70.dll]",1,0.00,0x5EE9ACA2,0,0,0,0,
"[dui70.dll]",1,0.00,0x5EE9B102,0,0,0,0,
"[duser.dll]",1,0.00,0x5EDC84A0,0,0,0,0,
"[duser.dll]",1,0.00,0x5EDCB96D,0,0,0,0,
"[duser.dll]",1,0.00,0x5EDCB98F,0,0,0,0,
"[duser.dll]",1,0.00,0x5EDCDDD7,0,0,0,0,
"[duser.dll]",1,0.00,0x5EDCE1FC,0,0,0,0,
"[duser.dll]",1,0.00,0x5EDD37D0,0,0,0,0,
"[duser.dll]",1,0.00,0x5EDD3B87,0,0,0,0,
"[duser.dll]",1,0.00,0x5EDD5698,0,0,0,0,
"[edputil.dll]",1,0.00,0x6F05423F,0,0,0,0,
"[ExplorerFrame.dll]",1,0.00,0x60339FB5,0,0,0,0,
"[ExplorerFrame.dll]",1,0.00,0x60339FD7,0,0,0,0,
"[ExplorerFrame.dll]",1,0.00,0x60342087,0,0,0,0,
"[ExplorerFrame.dll]",1,0.00,0x6034A0B1,0,0,0,0,
"[ExplorerFrame.dll]",1,0.00,0x6034B102,0,0,0,0,
"[ExplorerFrame.dll]",1,0.00,0x6034B1A3,0,0,0,0,
"[ExplorerFrame.dll]",1,0.00,0x6034EEAF,0,0,0,0,
"[ExplorerFrame.dll]",1,0.00,0x60357E4C,0,0,0,0,
"[ExplorerFrame.dll]",1,0.00,0x603581B0,0,0,0,0,
"[ExplorerFrame.dll]",1,0.00,0x6035C933,0,0,0,0,
"[ExplorerFrame.dll]",1,0.00,0x6035CA59,0,0,0,0,
"[ExplorerFrame.dll]",1,0.00,0x6035CA80,0,0,0,0,
"[ExplorerFrame.dll]",1,0.00,0x6035CB05,0,0,0,0,
"[ExplorerFrame.dll]",1,0.00,0x6035CB9B,0,0,0,0,
"[ExplorerFrame.dll]",1,0.00,0x6035CBB7,0,0,0,0,
"[ExplorerFrame.dll]",1,0.00,0x6035CBE2,0,0,0,0,
"[ExplorerFrame.dll]",1,0.00,0x6035CD60,0,0,0,0,
"[ExplorerFrame.dll]",1,0.00,0x6035E244,0,0,0,0,
"[ExplorerFrame.dll]",1,0.00,0x60360EFC,0,0,0,0,
"[ExplorerFrame.dll]",1,0.00,0x6036482F,0,0,0,0,
"[ExplorerFrame.dll]",1,0.00,0x60364D90,0,0,0,0,
"[ExplorerFrame.dll]",1,0.00,0x60365DBB,0,0,0,0,
"[ExplorerFrame.dll]",1,0.00,0x6036CDCD,0,0,0,0,
"[ExplorerFrame.dll]",1,0.00,0x60375472,0,0,0,0,
"[ExplorerFrame.dll]",1,0.00,0x603754B8,0,0,0,0,
"[ExplorerFrame.dll]",1,0.00,0x6037CEB5,0,0,0,0,
"[ExplorerFrame.dll]",1,0.00,0x6038199A,0,0,0,0,
"[ExplorerFrame.dll]",1,0.00,0x60389672,0,0,0,0,
"[ExplorerFrame.dll]",1,0.00,0x6045C65D,0,0,0,0,
"[gdi32.dll]",1,0.00,0x76EB6424,0,0,0,0,
"[gdi32.dll]",1,0.00,0x76EB649C,0,0,0,0,
"[gdi32.dll]",1,0.00,0x76EB653A,0,0,0,0,
"[gdi32.dll]",1,0.00,0x76EB6E7F,0,0,0,0,
"[gdi32full.dll]",1,0.00,0x75FCF282,0,0,0,0,
"[gdi32full.dll]",1,0.00,0x75FCF97B,0,0,0,0,
"[gdi32full.dll]",1,0.00,0x75FDD0DB,0,0,0,0,
"[gdi32full.dll]",1,0.00,0x75FDD2B4,0,0,0,0,
"[gdi32full.dll]",1,0.00,0x75FE0E68,0,0,0,0,
"[gdi32full.dll]",1,0.00,0x75FE16E6,0,0,0,0,
"[kernel32.dll]",1,0.00,0x75003DE4,0,0,0,0,
"[kernel32.dll]",1,0.00,0x7500C843,0,0,0,0,
"[kernel32.dll]",1,0.00,0x7500EF40,0,0,0,0,
"[kernel32.dll]",1,0.00,0x7500EF60,0,0,0,0,
"[kernel32.dll]",1,0.00,0x7500EF66,0,0,0,0,
"[kernel32.dll]",1,0.00,0x7500F020,0,0,0,0,
"[kernel32.dll]",1,0.00,0x75010590,0,0,0,0,
"[kernel32.dll]",1,0.00,0x75010AD7,0,0,0,0,
"[kernel32.dll]",1,0.00,0x750113E7,0,0,0,0,
"[kernel32.dll]",1,0.00,0x75012E27,0,0,0,0,
"[kernel32.dll]",1,0.00,0x750137A0,0,0,0,0,
"[kernel32.dll]",1,0.00,0x750137A4,0,0,0,0,
"[kernel32.dll]",1,0.00,0x75026052,0,0,0,0,
"[KernelBase.dll]",1,0.00,0x75E04E05,0,0,0,0,
"[KernelBase.dll]",1,0.00,0x75E085D0,0,0,0,0,
"[KernelBase.dll]",1,0.00,0x75E08742,0,0,0,0,
"[KernelBase.dll]",1,0.00,0x75E095FC,0,0,0,0,
"[KernelBase.dll]",1,0.00,0x75E0F1BD,0,0,0,0,
"[KernelBase.dll]",1,0.00,0x75E15D33,0,0,0,0,
"[KernelBase.dll]",1,0.00,0x75E15E42,0,0,0,0,
"[KernelBase.dll]",1,0.00,0x75E15EC0,0,0,0,0,
"[KernelBase.dll]",1,0.00,0x75E1853E,0,0,0,0,
"[KernelBase.dll]",1,0.00,0x75E1E9DB,0,0,0,0,
"[KernelBase.dll]",1,0.00,0x75E1FA97,0,0,0,0,
"[KernelBase.dll]",1,0.00,0x75E1FDCF,0,0,0,0,
"[KernelBase.dll]",1,0.00,0x75E1FEC1,0,0,0,0,
"[KernelBase.dll]",1,0.00,0x75E201A0,0,0,0,0,
"[KernelBase.dll]",1,0.00,0x75E201D2,0,0,0,0,
"[KernelBase.dll]",1,0.00,0x75E205AF,0,0,0,0,
"[KernelBase.dll]",1,0.00,0x75E21E02,0,0,0,0,
"[KernelBase.dll]",1,0.00,0x75E21FD7,0,0,0,0,
"[KernelBase.dll]",1,0.00,0x75E22C6E,0,0,0,0,
"[KernelBase.dll]",1,0.00,0x75E256B0,0,0,0,0,
"[KernelBase.dll]",1,0.00,0x75E26F75,0,0,0,0,
"[KernelBase.dll]",1,0.00,0x75E26F86,0,0,0,0,
"[KernelBase.dll]",1,0.00,0x75E26F8B,0,0,0,0,
"[KernelBase.dll]",1,0.00,0x75E26FB2,0,0,0,0,
"[KernelBase.dll]",1,0.00,0x75E273A8,0,0,0,0,
"[KernelBase.dll]",1,0.00,0x75E27B70,0,0,0,0,
"[KernelBase.dll]",1,0.00,0x75E27BF0,0,0,0,0,
"[KernelBase.dll]",1,0.00,0x75E27C12,0,0,0,0,
"[KernelBase.dll]",1,0.00,0x75E27D32,0,0,0,0,
"[KernelBase.dll]",1,0.00,0x75E27D6A,0,0,0,0,
"[KernelBase.dll]",1,0.00,0x75E27FEC,0,0,0,0,
"[KernelBase.dll]",1,0.00,0x75E28EEE,0,0,0,0,
"[KernelBase.dll]",1,0.00,0x75E29732,0,0,0,0,
"[KernelBase.dll]",1,0.00,0x75E29930,0,0,0,0,
"[KernelBase.dll]",1,0.00,0x75E29932,0,0,0,0,
"[KernelBase.dll]",1,0.00,0x75E29957,0,0,0,0,
"[KernelBase.dll]",1,0.00,0x75E29998,0,0,0,0,
"[KernelBase.dll]",1,0.00,0x75E2A15C,0,0,0,0,
"[KernelBase.dll]",1,0.00,0x75E2A836,0,0,0,0,
"[KernelBase.dll]",1,0.00,0x75E2A839,0,0,0,0,
"[KernelBase.dll]",1,0.00,0x75E2A927,0,0,0,0,
"[KernelBase.dll]",1,0.00,0x75E2B180,0,0,0,0,
"[KernelBase.dll]",1,0.00,0x75E2C0C2,0,0,0,0,
"[KernelBase.dll]",1,0.00,0x75E2C240,0,0,0,0,
"[KernelBase.dll]",1,0.00,0x75E2C4A0,0,0,0,0,
"[KernelBase.dll]",1,0.00,0x75E2CA3F,0,0,0,0,
"[KernelBase.dll]",1,0.00,0x75E2CA89,0,0,0,0,
"[KernelBase.dll]",1,0.00,0x75E2CB4E,0,0,0,0,
"[KernelBase.dll]",1,0.00,0x75E2E4CA,0,0,0,0,
"[KernelBase.dll]",1,0.00,0x75E2F006,0,0,0,0,
"[KernelBase.dll]",1,0.00,0x75E2FC99,0,0,0,0,
"[KernelBase.dll]",1,0.00,0x75E2FCD9,0,0,0,0,
"[KernelBase.dll]",1,0.00,0x75E39954,0,0,0,0,
"[KernelBase.dll]",1,0.00,0x75E39959,0,0,0,0,
"[MMDevAPI.dll]",1,0.00,0x5E4B06F3,0,0,0,0,
"[mscorlib.ni.dll]",1,0.00,0x7263AC81,0,0,0,0,
"[mscorlib.ni.dll]",1,0.00,0x7266572D,0,0,0,0,
"[mscorlib.ni.dll]",1,0.00,0x7267892D,0,0,0,0,
"[mscorlib.ni.dll]",1,0.00,0x72D4E9CD,0,0,0,0,
"[mscorlib.ni.dll]",1,0.00,0x72DF78D4,0,0,0,0,
"[msftedit.dll]",1,0.00,0x5EB1582B,0,0,0,0,
"[msftedit.dll]",1,0.00,0x5EB2B824,0,0,0,0,
"[msftedit.dll]",1,0.00,0x5EB4BC50,0,0,0,0,
"[msftedit.dll]",1,0.00,0x5EB5F11F,0,0,0,0,
"[msftedit.dll]",1,0.00,0x5EB68EEB,0,0,0,0,
"[msftedit.dll]",1,0.00,0x5EB81200,0,0,0,0,
"[msi.dll]",1,0.00,0x706488FA,0,0,0,0,
"[msi.dll]",1,0.00,0x70652A41,0,0,0,0,
"[msvcp110_win.dll]",1,0.00,0x5E2A7BBA,0,0,0,0,
"[msvcrt.dll]",1,0.00,0x757A23C2,0,0,0,0,
"[msvcrt.dll]",1,0.00,0x757A23EC,0,0,0,0,
"[msvcrt.dll]",1,0.00,0x757B8730,0,0,0,0,
"[msvcrt.dll]",1,0.00,0x757B873C,0,0,0,0,
"[msvcrt.dll]",1,0.00,0x757B8749,0,0,0,0,
"[msvcrt.dll]",1,0.00,0x757CCEA2,0,0,0,0,
"[msvcrt.dll]",1,0.00,0x757CCEB0,0,0,0,0,
"[msvcrt.dll]",1,0.00,0x757CDCDE,0,0,0,0,
"[msvcrt.dll]",1,0.00,0x757CDD04,0,0,0,0,
"[msvcrt.dll]",1,0.00,0x757D3A37,0,0,0,0,
"[msvcrt.dll]",1,0.00,0x757D7E25,0,0,0,0,
"[msvcrt.dll]",1,0.00,0x757F7ECC,0,0,0,0,
"[msvcrt.dll]",1,0.00,0x757F8F13,0,0,0,0,
"[msvcrt.dll]",1,0.00,0x757F8F15,0,0,0,0,
"[msvcrt.dll]",1,0.00,0x757F8F50,0,0,0,0,
"[msvcrt.dll]",1,0.00,0x757F8F52,0,0,0,0,
"[msvcrt.dll]",1,0.00,0x757F8F54,0,0,0,0,
"[msvcrt.dll]",1,0.00,0x757F8F55,0,0,0,0,
"[msvcrt.dll]",1,0.00,0x757F8F6A,0,0,0,0,
"[msvcrt.dll]",1,0.00,0x757F8F6D,0,0,0,0,
"[msvcrt.dll]",1,0.00,0x757F8F7A,0,0,0,0,
"[msvcrt.dll]",1,0.00,0x757F8F7F,0,0,0,0,
"[msvcrt.dll]",1,0.00,0x757F8F90,0,0,0,0,
"[msvcrt.dll]",1,0.00,0x757F964B,0,0,0,0,
"[msvcrt.dll]",1,0.00,0x757FA0F0,0,0,0,0,
"[msvcrt.dll]",1,0.00,0x757FA0F8,0,0,0,0,
"[msvcrt.dll]",1,0.00,0x757FA10A,0,0,0,0,
"[msvcrt.dll]",1,0.00,0x757FA17B,0,0,0,0,
"[msvcrt.dll]",1,0.00,0x757FA18F,0,0,0,0,
"[msvcrt.dll]",1,0.00,0x757FA2C4,0,0,0,0,
"[msvcrt.dll]",1,0.00,0x757FA550,0,0,0,0,
"[msvcrt.dll]",1,0.00,0x757FA568,0,0,0,0,
"[msvcrt.dll]",1,0.00,0x757FA694,0,0,0,0,
"[msvcrt.dll]",1,0.00,0x757FA6D4,0,0,0,0,
"[msvcrt.dll]",1,0.00,0x757FA6DA,0,0,0,0,
"[msvcrt.dll]",1,0.00,0x757FA94C,0,0,0,0,
"[msvcrt.dll]",1,0.00,0x757FA985,0,0,0,0,
"[msvcrt.dll]",1,0.00,0x757FBF24,0,0,0,0,
"[msvcrt.dll]",1,0.00,0x757FBF34,0,0,0,0,
"[msvcrt.dll]",1,0.00,0x757FBF42,0,0,0,0,
"[msvcrt.dll]",1,0.00,0x757FBF4D,0,0,0,0,
"[msvcrt.dll]",1,0.00,0x757FBF5C,0,0,0,0,
"[msvcrt.dll]",1,0.00,0x757FBF5E,0,0,0,0,
"[msvcrt.dll]",1,0.00,0x757FBF62,0,0,0,0,
"[msvcrt.dll]",1,0.00,0x757FBF66,0,0,0,0,
"[msvcrt.dll]",1,0.00,0x757FC002,0,0,0,0,
"[msvcrt.dll]",1,0.00,0x757FC023,0,0,0,0,
"[msvcrt.dll]",1,0.00,0x757FC13C,0,0,0,0,
"[msvcrt.dll]",1,0.00,0x757FC13E,0,0,0,0,
"[msvcrt.dll]",1,0.00,0x757FC1CB,0,0,0,0,
"[msvcrt.dll]",1,0.00,0x75815888,0,0,0,0,
"[msvcrt.dll]",1,0.00,0x75815950,0,0,0,0,
"[netprofm.dll]",1,0.00,0x6CEABE37,0,0,0,0,
"[networkexplorer.dll]",1,0.00,0x5DE73589,0,0,0,0,
"[npmproxy.dll]",1,0.00,0x6CB11C62,0,0,0,0,
"[ntdll.dll]",1,0.00,0x778E6045,0,0,0,0,
"[ntdll.dll]",1,0.00,0x778EFADC,0,0,0,0,
"[ntdll.dll]",1,0.00,0x778F1F00,0,0,0,0,
"[ntdll.dll]",1,0.00,0x778F1F15,0,0,0,0,
"[ntdll.dll]",1,0.00,0x778F1F41,0,0,0,0,
"[ntdll.dll]",1,0.00,0x778F4EC0,0,0,0,0,
"[ntdll.dll]",1,0.00,0x778F4EC2,0,0,0,0,
"[ntdll.dll]",1,0.00,0x778F4EC3,0,0,0,0,
"[ntdll.dll]",1,0.00,0x778F4EDD,0,0,0,0,
"[ntdll.dll]",1,0.00,0x778F4EEF,0,0,0,0,
"[ntdll.dll]",1,0.00,0x778F4EFC,0,0,0,0,
"[ntdll.dll]",1,0.00,0x778F4F43,0,0,0,0,
"[ntdll.dll]",1,0.00,0x778F4F67,0,0,0,0,
"[ntdll.dll]",1,0.00,0x778F4F69,0,0,0,0,
"[ntdll.dll]",1,0.00,0x778F4F7B,0,0,0,0,
"[ntdll.dll]",1,0.00,0x778F4F8D,0,0,0,0,
"[ntdll.dll]",1,0.00,0x778F4FA7,0,0,0,0,
"[ntdll.dll]",1,0.00,0x778F4FB5,0,0,0,0,
"[ntdll.dll]",1,0.00,0x778F4FCC,0,0,0,0,
"[ntdll.dll]",1,0.00,0x778F5030,0,0,0,0,
"[ntdll.dll]",1,0.00,0x778F5034,0,0,0,0,
"[ntdll.dll]",1,0.00,0x778F5079,0,0,0,0,
"[ntdll.dll]",1,0.00,0x778F507F,0,0,0,0,
"[ntdll.dll]",1,0.00,0x778F50AB,0,0,0,0,
"[ntdll.dll]",1,0.00,0x778F50C1,0,0,0,0,
"[ntdll.dll]",1,0.00,0x778F531A,0,0,0,0,
"[ntdll.dll]",1,0.00,0x778F53DB,0,0,0,0,
"[ntdll.dll]",1,0.00,0x778F78DE,0,0,0,0,
"[ntdll.dll]",1,0.00,0x778FB238,0,0,0,0,
"[ntdll.dll]",1,0.00,0x778FF8A1,0,0,0,0,
"[ntdll.dll]",1,0.00,0x778FFDF2,0,0,0,0,
"[ntdll.dll]",1,0.00,0x77900028,0,0,0,0,
"[ntdll.dll]",1,0.00,0x77900064,0,0,0,0,
"[ntdll.dll]",1,0.00,0x77907483,0,0,0,0,
"[ntdll.dll]",1,0.00,0x7790B460,0,0,0,0,
"[ntdll.dll]",1,0.00,0x7790B482,0,0,0,0,
"[ntdll.dll]",1,0.00,0x7790B4D3,0,0,0,0,
"[ntdll.dll]",1,0.00,0x7790C0F2,0,0,0,0,
"[ntdll.dll]",1,0.00,0x7790C74B,0,0,0,0,
"[ntdll.dll]",1,0.00,0x7790EE12,0,0,0,0,
"[ntdll.dll]",1,0.00,0x77910B82,0,0,0,0,
"[ntdll.dll]",1,0.00,0x77910BE9,0,0,0,0,
"[ntdll.dll]",1,0.00,0x779127F3,0,0,0,0,
"[ntdll.dll]",1,0.00,0x77912813,0,0,0,0,
"[ntdll.dll]",1,0.00,0x77912FA2,0,0,0,0,
"[ntdll.dll]",1,0.00,0x77920575,0,0,0,0,
"[ntdll.dll]",1,0.00,0x7792057C,0,0,0,0,
"[ntdll.dll]",1,0.00,0x779205FC,0,0,0,0,
"[ntdll.dll]",1,0.00,0x779206E5,0,0,0,0,
"[ntdll.dll]",1,0.00,0x77920700,0,0,0,0,
"[ntdll.dll]",1,0.00,0x77920720,0,0,0,0,
"[ntdll.dll]",1,0.00,0x779207D0,0,0,0,0,
"[ntdll.dll]",1,0.00,0x779216C0,0,0,0,0,
"[ntdll.dll]",1,0.00,0x779220FC,0,0,0,0,
"[ntdll.dll]",1,0.00,0x779228A0,0,0,0,0,
"[ntdll.dll]",1,0.00,0x77922A70,0,0,0,0,
"[ntdll.dll]",1,0.00,0x77922AEF,0,0,0,0,
"[ntdll.dll]",1,0.00,0x779343D3,0,0,0,0,
"[ntshrui.dll]",1,0.00,0x5E3FD63F,0,0,0,0,
"[ole32.dll]",1,0.00,0x77594B97,0,0,0,0,
"[ole32.dll]",1,0.00,0x77595552,0,0,0,0,
"[ole32.dll]",1,0.00,0x775955A6,0,0,0,0,
"[oleaut32.dll]",1,0.00,0x773A276D,0,0,0,0,
"[OneCoreUAPCommonProxyStub.dll]",1,0.00,0x60BEBD35,0,0,0,0,
"[OneCoreUAPCommonProxyStub.dll]",1,0.00,0x60BEDDC2,0,0,0,0,
"[OneCoreUAPCommonProxyStub.dll]",1,0.00,0x60BEE16B,0,0,0,0,
"[PlayToDevice.dll]",1,0.00,0x5E50EF92,0,0,0,0,
"[PlayToDevice.dll]",1,0.00,0x5E513B0D,0,0,0,0,
"[PlayToDevice.dll]",1,0.00,0x5E514874,0,0,0,0,
"[PlayToDevice.dll]",1,0.00,0x5E514DB8,0,0,0,0,
"[PlayToDevice.dll]",1,0.00,0x5E51C8B1,0,0,0,0,
"[PlayToDevice.dll]",1,0.00,0x5E51D426,0,0,0,0,
"[PlayToDevice.dll]",1,0.00,0x5E51EE09,0,0,0,0,
"[propsys.dll]",1,0.00,0x6FFCC8A2,0,0,0,0,
"[propsys.dll]",1,0.00,0x6FFCCA21,0,0,0,0,
"[propsys.dll]",1,0.00,0x6FFCCBD6,0,0,0,0,
"[propsys.dll]",1,0.00,0x6FFCCC64,0,0,0,0,
"[propsys.dll]",1,0.00,0x6FFCCC79,0,0,0,0,
"[propsys.dll]",1,0.00,0x6FFCCD33,0,0,0,0,
"[propsys.dll]",1,0.00,0x6FFD0036,0,0,0,0,
"[propsys.dll]",1,0.00,0x6FFD62B8,0,0,0,0,
"[propsys.dll]",1,0.00,0x6FFD6414,0,0,0,0,
"[propsys.dll]",1,0.00,0x6FFD6431,0,0,0,0,
"[propsys.dll]",1,0.00,0x6FFD6510,0,0,0,0,
"[propsys.dll]",1,0.00,0x6FFD6E70,0,0,0,0,
"[propsys.dll]",1,0.00,0x6FFD8335,0,0,0,0,
"[propsys.dll]",1,0.00,0x6FFD8372,0,0,0,0,
"[propsys.dll]",1,0.00,0x6FFDF2A0,0,0,0,0,
"[propsys.dll]",1,0.00,0x6FFE0524,0,0,0,0,
"[propsys.dll]",1,0.00,0x6FFE4432,0,0,0,0,
"[propsys.dll]",1,0.00,0x6FFF7182,0,0,0,0,
"[propsys.dll]",1,0.00,0x6FFF71A3,0,0,0,0,
"[rpcrt4.dll]",1,0.00,0x761E5D92,0,0,0,0,
"[rpcrt4.dll]",1,0.00,0x761E6830,0,0,0,0,
"[rpcrt4.dll]",1,0.00,0x7621E687,0,0,0,0,
"[safemon.dll]",1,0.00,0x6F662218,0,0,0,0,
"[safemon.dll]",1,0.00,0x6F66E078,0,0,0,0,
"[safemon.dll]",1,0.00,0x6F66E092,0,0,0,0,
"[safemon.dll]",1,0.00,0x6F66E155,0,0,0,0,
"[safemon.dll]",1,0.00,0x6F66E15A,0,0,0,0,
"[setupapi.dll]",1,0.00,0x76F10A9D,0,0,0,0,
"[SHCore.dll]",1,0.00,0x774D97F6,0,0,0,0,
"[SHCore.dll]",1,0.00,0x774D98EF,0,0,0,0,
"[SHCore.dll]",1,0.00,0x774E8337,0,0,0,0,
"[SHCore.dll]",1,0.00,0x774FB3C2,0,0,0,0,
"[SHCore.dll]",1,0.00,0x774FB3E6,0,0,0,0,
"[SHCore.dll]",1,0.00,0x774FB3F0,0,0,0,0,
"[SHCore.dll]",1,0.00,0x774FB40E,0,0,0,0,
"[SHCore.dll]",1,0.00,0x7750018B,0,0,0,0,
"[SHCore.dll]",1,0.00,0x77504241,0,0,0,0,
"[SHCore.dll]",1,0.00,0x77504510,0,0,0,0,
"[shell32.dll]",1,0.00,0x768364D8,0,0,0,0,
"[shell32.dll]",1,0.00,0x76875F3A,0,0,0,0,
"[shell32.dll]",1,0.00,0x76896A87,0,0,0,0,
"[shell32.dll]",1,0.00,0x76899D40,0,0,0,0,
"[shell32.dll]",1,0.00,0x768B1124,0,0,0,0,
"[shell32.dll]",1,0.00,0x768C8C39,0,0,0,0,
"[shell32.dll]",1,0.00,0x768CAD02,0,0,0,0,
"[shell32.dll]",1,0.00,0x768CBF0E,0,0,0,0,
"[shell32.dll]",1,0.00,0x76913AD0,0,0,0,0,
"[shell32.dll]",1,0.00,0x76913B84,0,0,0,0,
"[shell32.dll]",1,0.00,0x76913BB7,0,0,0,0,
"[shell32.dll]",1,0.00,0x76913E2E,0,0,0,0,
"[shell32.dll]",1,0.00,0x7691467A,0,0,0,0,
"[shell32.dll]",1,0.00,0x7695C73F,0,0,0,0,
"[shell32.dll]",1,0.00,0x769FF4A0,0,0,0,0,
"[shell32.dll]",1,0.00,0x76A3E52F,0,0,0,0,
"[shell32.dll]",1,0.00,0x76AA15D5,0,0,0,0,
"[shell32.dll]",1,0.00,0x76ABAFD2,0,0,0,0,
"[shell32.dll]",1,0.00,0x76BBA97E,0,0,0,0,
"[shell32.dll]",1,0.00,0x76BFB345,0,0,0,0,
"[shlwapi.dll]",1,0.00,0x76692F00,0,0,0,0,
"[shlwapi.dll]",1,0.00,0x7669342E,0,0,0,0,
"[shlwapi.dll]",1,0.00,0x76693D86,0,0,0,0,
"[shlwapi.dll]",1,0.00,0x7669866C,0,0,0,0,
"[shlwapi.dll]",1,0.00,0x76698ADB,0,0,0,0,
"[shlwapi.dll]",1,0.00,0x766A64EE,0,0,0,0,
"[StructuredQuery.dll]",1,0.00,0x5E857DDA,0,0,0,0,
"[StructuredQuery.dll]",1,0.00,0x5E85A1D0,0,0,0,0,
"[StructuredQuery.dll]",1,0.00,0x5E85A1E5,0,0,0,0,
"[StructuredQuery.dll]",1,0.00,0x5E85CBD0,0,0,0,0,
"[StructuredQuery.dll]",1,0.00,0x5E86EDC1,0,0,0,0,
"[StructuredQuery.dll]",1,0.00,0x5E89FFB4,0,0,0,0,
"[System.Data.ni.dll]",1,0.00,0x64C02341,0,0,0,0,
"[System.Data.ni.dll]",1,0.00,0x64C063AB,0,0,0,0,
"[System.Data.ni.dll]",1,0.00,0x64F4DDCC,0,0,0,0,
"[System.Data.ni.dll]",1,0.00,0x64FFE593,0,0,0,0,
"[System.Data.ni.dll]",1,0.00,0x6501DA11,0,0,0,0,
"[System.Drawing.ni.dll]",1,0.00,0x6D0DBF71,0,0,0,0,
"[System.Drawing.ni.dll]",1,0.00,0x6D0E2C61,0,0,0,0,
"[System.ni.dll]",1,0.00,0x71980F06,0,0,0,0,
"[System.ni.dll]",1,0.00,0x71E6057B,0,0,0,0,
"[System.ni.dll]",1,0.00,0x71E605DA,0,0,0,0,
"[System.Windows.Forms.DataVisualization.ni.dll]",1,0.00,0x5F019164,0,0,0,0,
"[System.Windows.Forms.DataVisualization.ni.dll]",1,0.00,0x5F1C0B86,0,0,0,0,
"[System.Windows.Forms.DataVisualization.ni.dll]",1,0.00,0x5F1C0BFA,0,0,0,0,
"[System.Windows.Forms.DataVisualization.ni.dll]",1,0.00,0x5F1C0C75,0,0,0,0,
"[System.Windows.Forms.DataVisualization.ni.dll]",1,0.00,0x5F1C0CA3,0,0,0,0,
"[System.Windows.Forms.DataVisualization.ni.dll]",1,0.00,0x5F1C0DF3,0,0,0,0,
"[System.Windows.Forms.DataVisualization.ni.dll]",1,0.00,0x5F1C1536,0,0,0,0,
"[System.Windows.Forms.DataVisualization.ni.dll]",1,0.00,0x5F1F9D88,0,0,0,0,
"[System.Windows.Forms.DataVisualization.ni.dll]",1,0.00,0x5F21AEF8,0,0,0,0,
"[System.Windows.Forms.DataVisualization.ni.dll]",1,0.00,0x5F25B190,0,0,0,0,
"[System.Windows.Forms.DataVisualization.ni.dll]",1,0.00,0x5F25B652,0,0,0,0,
"[System.Windows.Forms.ni.dll]",1,0.00,0x6958F57D,0,0,0,0,
"[thumbcache.dll]",1,0.00,0x5ED80A9C,0,0,0,0,
"[thumbcache.dll]",1,0.00,0x5ED8A7BB,0,0,0,0,
"[twinapi.appcore.dll]",1,0.00,0x6451587E,0,0,0,0,
"[twinapi.dll]",1,0.00,0x5E565DF6,0,0,0,0,
"[ucrtbase.dll]",1,0.00,0x76DB2734,0,0,0,0,
"[ucrtbase.dll]",1,0.00,0x76DB4320,0,0,0,0,
"[ucrtbase.dll]",1,0.00,0x76DB439B,0,0,0,0,
"[ucrtbase.dll]",1,0.00,0x76DB7397,0,0,0,0,
"[ucrtbase.dll]",1,0.00,0x76DD73D0,0,0,0,0,
"[ucrtbase.dll]",1,0.00,0x76DDD635,0,0,0,0,
"[ucrtbase.dll]",1,0.00,0x76DDD852,0,0,0,0,
"[ucrtbase.dll]",1,0.00,0x76DDF4BE,0,0,0,0,
"[user32.dll]",1,0.00,0x7585BE20,0,0,0,0,
"[user32.dll]",1,0.00,0x758749B5,0,0,0,0,
"[uxtheme.dll]",1,0.00,0x7132454E,0,0,0,0,
"[uxtheme.dll]",1,0.00,0x7132F7FE,0,0,0,0,
"[uxtheme.dll]",1,0.00,0x713305CA,0,0,0,0,
"[uxtheme.dll]",1,0.00,0x7133976E,0,0,0,0,
"[uxtheme.dll]",1,0.00,0x71343252,0,0,0,0,
"[uxtheme.dll]",1,0.00,0x7134E061,0,0,0,0,
"[uxtheme.dll]",1,0.00,0x7134E10C,0,0,0,0,
"[uxtheme.dll]",1,0.00,0x7135E38B,0,0,0,0,
"[win32u.dll]",1,0.00,0x76592CA5,0,0,0,0,
"[win32u.dll]",1,0.00,0x76592CCC,0,0,0,0,
"[win32u.dll]",1,0.00,0x76592D8C,0,0,0,0,
"[win32u.dll]",1,0.00,0x76592FCC,0,0,0,0,
"[win32u.dll]",1,0.00,0x7659303C,0,0,0,0,
"[win32u.dll]",1,0.00,0x765931CC,0,0,0,0,
"[win32u.dll]",1,0.00,0x7659332C,0,0,0,0,
"[win32u.dll]",1,0.00,0x765955EC,0,0,0,0,
"[win32u.dll]",1,0.00,0x7659677C,0,0,0,0,
"[Windows.Globalization.dll]",1,0.00,0x5E9D11DB,0,0,0,0,
"[Windows.Globalization.dll]",1,0.00,0x5E9F0AEE,0,0,0,0,
"[windows.storage.dll]",1,0.00,0x751B8A16,0,0,0,0,
"[windows.storage.dll]",1,0.00,0x751B9644,0,0,0,0,
"[windows.storage.dll]",1,0.00,0x751DEB32,0,0,0,0,
"[windows.storage.dll]",1,0.00,0x7521E032,0,0,0,0,
"[windows.storage.dll]",1,0.00,0x7521E19B,0,0,0,0,
"[windows.storage.dll]",1,0.00,0x7522DF5B,0,0,0,0,
"[windows.storage.dll]",1,0.00,0x7522E3D3,0,0,0,0,
"[windows.storage.dll]",1,0.00,0x7522E42B,0,0,0,0,
"[windows.storage.dll]",1,0.00,0x75232C13,0,0,0,0,
"[windows.storage.dll]",1,0.00,0x75233840,0,0,0,0,
"[windows.storage.dll]",1,0.00,0x75234401,0,0,0,0,
"[windows.storage.dll]",1,0.00,0x75234FE1,0,0,0,0,
"[windows.storage.dll]",1,0.00,0x75235127,0,0,0,0,
"[windows.storage.dll]",1,0.00,0x752353DA,0,0,0,0,
"[windows.storage.dll]",1,0.00,0x7523E93E,0,0,0,0,
"[windows.storage.dll]",1,0.00,0x75246BAB,0,0,0,0,
"[windows.storage.dll]",1,0.00,0x75246DD1,0,0,0,0,
"[windows.storage.dll]",1,0.00,0x75246DF6,0,0,0,0,
"[windows.storage.dll]",1,0.00,0x752470C3,0,0,0,0,
"[windows.storage.dll]",1,0.00,0x7524711F,0,0,0,0,
"[windows.storage.dll]",1,0.00,0x752474A2,0,0,0,0,
"[windows.storage.dll]",1,0.00,0x75248CC9,0,0,0,0,
"[windows.storage.dll]",1,0.00,0x75248E02,0,0,0,0,
"[windows.storage.dll]",1,0.00,0x75248F18,0,0,0,0,
"[windows.storage.dll]",1,0.00,0x752597FE,0,0,0,0,
"[windows.storage.dll]",1,0.00,0x75259830,0,0,0,0,
"[windows.storage.dll]",1,0.00,0x75277559,0,0,0,0,
"[windows.storage.dll]",1,0.00,0x7529C354,0,0,0,0,
"[windows.storage.dll]",1,0.00,0x752A904D,0,0,0,0,
"[windows.storage.dll]",1,0.00,0x752AC17C,0,0,0,0,
"[windows.storage.dll]",1,0.00,0x752B162E,0,0,0,0,
"[windows.storage.dll]",1,0.00,0x752B175A,0,0,0,0,
"[windows.storage.dll]",1,0.00,0x752C1857,0,0,0,0,
"[windows.storage.dll]",1,0.00,0x752CF63E,0,0,0,0,
"[windows.storage.dll]",1,0.00,0x752D5880,0,0,0,0,
"[windows.storage.dll]",1,0.00,0x75305E5D,0,0,0,0,
"[windows.storage.dll]",1,0.00,0x753347A5,0,0,0,0,
"[windows.storage.dll]",1,0.00,0x75339425,0,0,0,0,
"[windows.storage.dll]",1,0.00,0x753BA191,0,0,0,0,
"[windows.storage.dll]",1,0.00,0x75546F06,0,0,0,0,
"[Windows.Storage.Search.dll]",1,0.00,0x5E7B3B90,0,0,0,0,
"[Windows.Storage.Search.dll]",1,0.00,0x5E7C450D,0,0,0,0,
"[Windows.Storage.Search.dll]",1,0.00,0x5E7C4544,0,0,0,0,
"[Windows.Storage.Search.dll]",1,0.00,0x5E7C8F20,0,0,0,0,
"[Windows.Storage.Search.dll]",1,0.00,0x5E7CC815,0,0,0,0,
"[WindowsCodecs.dll]",1,0.00,0x6F4B3140,0,0,0,0,
"[WindowsCodecs.dll]",1,0.00,0x6F4B4AC7,0,0,0,0,
"[wininet.dll]",1,0.00,0x74B2B84D,0,0,0,0,
"[winspool.drv]",1,0.00,0x70131DDD,0,0,0,0,
"[winspool.drv]",1,0.00,0x7013266D,0,0,0,0,
"[winspool.drv]",1,0.00,0x70133002,0,0,0,0,
"[winspool.drv]",1,0.00,0x701339BD,0,0,0,0,
"[wkscli.dll]",1,0.00,0x74143118,0,0,0,0,
"[WMVCORE.DLL]",1,0.00,0x5D88DE7E,0,0,0,0,
"[WMVCORE.DLL]",1,0.00,0x5D88DE80,0,0,0,0,
"[WMVCORE.DLL]",1,0.00,0x5E12DEA5,0,0,0,0,
"[wow64cpu.dll]",1,0.00,0x778A6000,0,0,0,0,
"[xmllite.dll]",1,0.00,0x716CA19D,0,0,0,0,
"[xmllite.dll]",1,0.00,0x716CF434,0,0,0,0,
"[xmllite.dll]",1,0.00,0x716CF538,0,0,0,0,
"FoodMazaPos.About.InitializeComponent",1,0.00,0x09FD6BE7,92,13,92,166,
"FoodMazaPos.About.InitializeComponent",1,0.00,0x09FD6CA6,95,13,95,65,
"FoodMazaPos.About.InitializeComponent",1,0.00,0x09FD6CF3,101,13,101,41,
"FoodMazaPos.About.InitializeComponent",1,0.00,0x09FD6E59,111,13,111,45,
"FoodMazaPos.About.InitializeComponent",1,0.00,0x09FD6F07,113,13,113,75,
"FoodMazaPos.About.InitializeComponent",1,0.00,0x09FD6F21,114,13,114,49,
"FoodMazaPos.About.InitializeComponent",1,0.00,0x09FD70D3,125,13,125,70,
"FoodMazaPos.About.InitializeComponent",1,0.00,0x09FD718B,133,13,133,41,
"FoodMazaPos.About.InitializeComponent",1,0.00,0x09FD71E5,134,13,134,166,
"FoodMazaPos.About.InitializeComponent",1,0.00,0x09FD74AB,154,13,154,166,
"FoodMazaPos.About.InitializeComponent",1,0.00,0x09FD765F,165,13,165,69,
"FoodMazaPos.About.InitializeComponent",1,0.00,0x09FD787A,183,13,183,41,
"FoodMazaPos.About.InitializeComponent",1,0.00,0x09FD7925,185,13,185,69,
"FoodMazaPos.About.InitializeComponent",1,0.00,0x09FD7BA0,204,13,204,45,
"FoodMazaPos.Cashier..ctor",1,0.00,0x030A1112,204,13,204,35,
"FoodMazaPos.Cashier.btnRefresh_Click",1,0.00,0x0CD53E2B,"1,499",13,"1,499",28,
"FoodMazaPos.Cashier.button1_Click",1,0.00,0x08EC9C7C,"1,036",22,"1,036",47,
"FoodMazaPos.Cashier.InitializeComponent",1,0.00,0x030A2B93,148,13,148,79,
"FoodMazaPos.Cashier.InitializeComponent",1,0.00,0x030A2C82,156,13,156,73,
"FoodMazaPos.Cashier.InitializeComponent",1,0.00,0x030A3108,195,13,195,75,
"FoodMazaPos.Cashier.InitializeComponent",1,0.00,0x030A31DC,202,13,202,75,
"FoodMazaPos.Cashier.InitializeComponent",1,0.00,0x030A3384,216,13,216,85,
"FoodMazaPos.Cashier.InitializeComponent",1,0.00,0x030A33E5,221,13,226,52,
"FoodMazaPos.Cashier.InitializeComponent",1,0.00,0x030A358F,234,13,234,89,
"FoodMazaPos.Cashier.InitializeComponent",1,0.00,0x030A367E,242,13,242,79,
"FoodMazaPos.Cashier.InitializeComponent",1,0.00,0x030A3752,249,13,249,79,
"FoodMazaPos.Cashier.InitializeComponent",1,0.00,0x030A39F6,268,13,272,49,
"FoodMazaPos.Cashier.InitializeComponent",1,0.00,0x030A3B04,281,13,281,67,
"FoodMazaPos.Cashier.InitializeComponent",1,0.00,0x030A3BD8,288,13,288,69,
"FoodMazaPos.Cashier.InitializeComponent",1,0.00,0x030A3CAC,295,13,295,71,
"FoodMazaPos.Cashier.InitializeComponent",1,0.00,0x030A3E28,307,13,308,51,
"FoodMazaPos.Cashier.InitializeComponent",1,0.00,0x030A4108,333,13,333,71,
"FoodMazaPos.Cashier.InitializeComponent",1,0.00,0x030A7CB5,665,13,665,163,
"FoodMazaPos.Cashier.InitializeComponent",1,0.00,0x030A8553,721,13,729,27,
"FoodMazaPos.Cashier.InitializeComponent",1,0.00,0x030A95B1,859,13,859,78,
"FoodMazaPos.Cashier.InitializeComponent",1,0.00,0x030AA07F,928,13,928,48,
"FoodMazaPos.Cashier.InitializeComponent",1,0.00,0x030AA241,942,13,942,52,
"FoodMazaPos.Cashier.InitializeComponent",1,0.00,0x030AA26B,944,13,944,52,
"FoodMazaPos.Cashier.InitializeComponent",1,0.00,0x030AA295,946,13,946,52,
"FoodMazaPos.Cashier.InitializeComponent",1,0.00,0x030AA2D2,949,13,949,52,
"FoodMazaPos.Cashier.inventoryFunctionality",1,0.00,0x0CCF777C,"4,552",45,"4,552",364,
"FoodMazaPos.Cashier.label3Click",1,0.00,0x0CD573B6,536,33,543,35,
"FoodMazaPos.Cashier.Loadcategory",1,0.00,0x030AEFC3,460,33,469,35,
"FoodMazaPos.Cashier.Loadcategory",1,0.00,0x030AF165,471,33,481,35,
"FoodMazaPos.Cashier.Loadcategory",1,0.00,0x030AF278,483,33,483,61,
"FoodMazaPos.Cashier.Loadproducts",1,0.00,0x030AE167,635,33,642,35,
"FoodMazaPos.Cashier.Loadproducts",1,0.00,0x030AE341,655,33,665,35,
"FoodMazaPos.Cashier.Loadproducts",1,0.00,0x030AE558,667,33,677,35,
"FoodMazaPos.Cashier.Loadproducts",1,0.00,0x030AE5F0,667,33,677,35,
"FoodMazaPos.Cashier.Timercheckingstock",1,0.00,0x0CD53C52,184,13,184,47,
"FoodMazaPos.ExportToExcel..ctor",1,0.00,0x09FD7D42,14,13,14,35,
"FoodMazaPos.ExportToExcel.dgv_1",1,0.00,0x09E69D74,206,13,206,102,
"FoodMazaPos.ExportToExcel.dgv_1",1,0.00,0x09E69E0D,216,13,216,93,
"FoodMazaPos.ExportToExcel.dgv_5",1,0.00,0x09E6A50A,305,13,305,88,
"FoodMazaPos.ExportToExcel.InitializeComponent",1,0.00,0x09E607E7,73,13,73,65,
"FoodMazaPos.ExportToExcel.InitializeComponent",1,0.00,0x09E6196E,202,13,202,74,
"FoodMazaPos.ExportToExcel.InitializeComponent",1,0.00,0x09E62EAC,322,13,322,74,
"FoodMazaPos.ExportToExcel.InitializeComponent",1,0.00,0x09E65C28,552,13,552,64,
"FoodMazaPos.ExportToExcel.InitializeComponent",1,0.00,0x09E66F7A,658,13,658,135,
"FoodMazaPos.ExportToExcel.InitializeComponent",1,0.00,0x09E696A2,922,13,922,50,
"FoodMazaPos.ExportToExcel.InitializeComponent",1,0.00,0x09E697D5,937,13,937,41,
"FoodMazaPos.ExportToExcel.InitializeComponent",1,0.00,0x09E698A7,947,13,947,43,
"FoodMazaPos.ExportToExcel.InitializeComponent",1,0.00,0x09E69A56,968,13,968,38,
"FoodMazaPos.ExportToExcel.LoadGridView2",1,0.00,0x09E6B044,84,13,84,34,
"FoodMazaPos.ExportToExcel.LoadGridView3",1,0.00,0x09E6B1E4,101,13,101,34,
"FoodMazaPos.ExportToExcel.LoadGridView4",1,0.00,0x09E6B424,121,13,121,34,
"FoodMazaPos.ExportToExcel.LoadGridView5",1,0.00,0x09E6B69C,142,13,142,34,
"FoodMazaPos.ExportToExcel.LoadGridView7",1,0.00,0x09E6BB84,184,13,184,34,
"FoodMazaPos.Inventory..ctor",1,0.00,0x08EC2017,20,13,20,46,
"FoodMazaPos.Inventory.EstimatingSTockAtTheStartOfDay",1,0.00,0x09E0A7F4,489,29,489,50,
"FoodMazaPos.Inventory.EstimatingSTockAtTheStartOfDay",1,0.00,0x09E0A99C,504,29,504,52,
"FoodMazaPos.Inventory.EstimatingSTockAtTheStartOfDay",1,0.00,0x09E0AC44,531,29,531,50,
"FoodMazaPos.Inventory.InitializeComponent",1,0.00,0x09DF0C8F,98,13,98,65,
"FoodMazaPos.Inventory.InitializeComponent",1,0.00,0x09DF14F5,141,13,141,65,
"FoodMazaPos.Inventory.InitializeComponent",1,0.00,0x09DF22BD,260,13,260,58,
"FoodMazaPos.Inventory.InitializeComponent",1,0.00,0x09DF25F3,276,13,276,72,
"FoodMazaPos.Inventory.InitializeComponent",1,0.00,0x09DF3454,377,13,377,81,
"FoodMazaPos.Inventory.InitializeComponent",1,0.00,0x09DF3D2F,416,13,416,78,
"FoodMazaPos.Inventory.InitializeComponent",1,0.00,0x09DF3E2D,423,13,423,74,
"FoodMazaPos.Inventory.InitializeComponent",1,0.00,0x09DF3E92,424,13,424,75,
"FoodMazaPos.Inventory.InitializeComponent",1,0.00,0x09DF6B29,669,13,669,73,
"FoodMazaPos.Inventory.InitializeComponent",1,0.00,0x09DF8112,786,13,786,91,
"FoodMazaPos.Inventory.InitializeComponent",1,0.00,0x09DF8DB5,847,13,847,66,
"FoodMazaPos.Inventory.InitializeComponent",1,0.00,0x09DF99A5,909,13,909,79,
"FoodMazaPos.Inventory.InitializeComponent",1,0.00,0x09DFA335,961,13,961,81,
"FoodMazaPos.Inventory.InitializeComponent",1,0.00,0x09DFA469,966,13,966,80,
"FoodMazaPos.Inventory.InitializeComponent",1,0.00,0x09DFB46D,"1,054",13,"1,054",76,
"FoodMazaPos.Inventory.InitializeComponent",1,0.00,0x09DFBC97,"1,101",13,"1,101",76,
"FoodMazaPos.Inventory.InitializeComponent",1,0.00,0x09DFC696,"1,155",13,"1,155",66,
"FoodMazaPos.Inventory.InitializeComponent",1,0.00,0x09DFD91C,"1,269",13,"1,269",85,
"FoodMazaPos.Inventory.InitializeComponent",1,0.00,0x09DFEDDF,"1,385",13,"1,385",65,
"FoodMazaPos.Inventory.InitializeComponent",1,0.00,0x09DFF5ED,"1,432",13,"1,432",83,
"FoodMazaPos.Inventory.InitializeComponent",1,0.00,0x09E00A82,"1,546",13,"1,546",160,
"FoodMazaPos.Inventory.InitializeComponent",1,0.00,0x09E01FCC,"1,667",13,"1,667",81,
"FoodMazaPos.Inventory.InitializeComponent",1,0.00,0x09E03333,"1,770",13,"1,770",42,
"FoodMazaPos.Inventory.InitializeComponent",1,0.00,0x09E03458,"1,774",13,"1,774",68,
"FoodMazaPos.Inventory.InitializeComponent",1,0.00,0x09E0363D,"1,785",13,"1,785",162,
"FoodMazaPos.Inventory.InitializeComponent",1,0.00,0x09E0413C,"1,851",13,"1,851",149,
"FoodMazaPos.Inventory.InitializeComponent",1,0.00,0x09E04308,"1,857",13,"1,857",65,
"FoodMazaPos.Inventory.InitializeComponent",1,0.00,0x09E043AF,"1,864",13,"1,864",163,
"FoodMazaPos.Inventory.InitializeComponent",1,0.00,0x09E04C2D,"1,915",13,"1,915",65,
"FoodMazaPos.Inventory.InitializeComponent",1,0.00,0x09E05254,"1,946",13,"1,946",81,
"FoodMazaPos.Inventory.InitializeComponent",1,0.00,0x09E06D82,"2,104",13,"2,104",68,
"FoodMazaPos.Inventory.InitializeComponent",1,0.00,0x09E07A1C,"2,213",13,"2,213",47,
"FoodMazaPos.Inventory.InitializeComponent",1,0.00,0x09E07B6A,"2,229",13,"2,229",53,
"FoodMazaPos.Inventory.InitializeComponent",1,0.00,0x09E07B93,"2,231",13,"2,231",56,
"FoodMazaPos.Inventory.InitializeComponent",1,0.00,0x09E07C13,"2,237",13,"2,237",52,
"FoodMazaPos.Inventory.InitializeComponent",1,0.00,0x09E07C3C,"2,239",13,"2,239",56,
"FoodMazaPos.Inventory.InitializeComponent",1,0.00,0x09E07C7E,"2,242",13,"2,242",52,
"FoodMazaPos.Inventory.InitializeComponent",1,0.00,0x09E07CC0,"2,245",13,"2,245",57,
"FoodMazaPos.Inventory.InitializeComponent",1,0.00,0x09E07D67,"2,253",13,"2,253",53,
"FoodMazaPos.Inventory.InitializeComponent",1,0.00,0x09E07D91,"2,255",13,"2,255",53,
"FoodMazaPos.Inventory.InitializeComponent",1,0.00,0x09E07E8D,"2,267",13,"2,267",53,
"FoodMazaPos.Inventory.InitializeComponent",1,0.00,0x09E07EB7,"2,269",13,"2,269",53,
"FoodMazaPos.Inventory.InitializeComponent",1,0.00,0x09E07FCC,"2,282",13,"2,282",57,
"FoodMazaPos.Inventory.InitializeComponent",1,0.00,0x09E080C8,"2,294",13,"2,294",57,
"FoodMazaPos.Inventory.InventoryHeaderInfo",1,0.00,0x09E08ED4,310,21,310,80,
"FoodMazaPos.Inventory.InventoryHeaderInfo",1,0.00,0x09E09176,332,17,332,38,
"FoodMazaPos.Inventory.InventoryHeaderInfo",1,0.00,0x09E0954A,358,17,358,38,
"FoodMazaPos.Inventory.InventoryHeaderInfo",1,0.00,0x09E09781,378,17,378,38,
"FoodMazaPos.Inventory.InventoryHeaderInfo",1,0.00,0x09E09A3B,400,17,400,38,
"FoodMazaPos.Inventory.label_Category_MouseLeave",1,0.00,0x09E0DD9C,93,13,93,52,
"FoodMazaPos.Inventory.label_Dashboard_MouseLeave",1,0.00,0x09E0D5FE,50,13,50,53,
"FoodMazaPos.Inventory.label_Product_MouseEnter",1,0.00,0x09E0DB1C,75,13,75,51,
"FoodMazaPos.Inventory.label_Stock_MouseLeave",1,0.00,0x09E0D49C,69,13,69,49,
"FoodMazaPos.Inventory.LoadChart2",1,0.00,0x09E0C178,745,13,745,68,
"FoodMazaPos.InvoiceDetails..ctor",1,0.00,0x0CD53F0A,19,13,19,35,
"FoodMazaPos.InvoiceDetails.dgv_1",1,0.00,0x0CD55F04,76,13,76,102,
"FoodMazaPos.InvoiceDetails.dgv_1",1,0.00,0x0CD55F9D,86,13,86,93,
"FoodMazaPos.InvoiceDetails.InitializeComponent",1,0.00,0x0CD555A4,157,13,157,69,
"FoodMazaPos.InvoiceDetails.SearchInvoice_Click",1,0.00,0x0CD56B27,132,21,132,83,
"FoodMazaPos.Login..ctor",1,0.00,0x0CD5D11E,23,9,23,23,
"FoodMazaPos.Login.InitializeComponent",1,0.00,0x0CD5D25C,34,13,34,60,
"FoodMazaPos.Login.InitializeComponent",1,0.00,0x0CD5E054,128,13,128,38,
"FoodMazaPos.SalesSummary.InitializeComponent",1,0.00,0x09FD0133,34,13,34,65,
"FoodMazaPos.SalesSummary.InitializeComponent",1,0.00,0x09FD0E00,115,13,115,63,
"FoodMazaPos.SalesSummary.InitializeComponent",1,0.00,0x09FD37BD,357,13,357,56,
"FoodMazaPos.SalesSummary.Loadproducts",1,0.00,0x09FD4EB5,208,33,208,51,
"FoodMazaPos.SalesSummary.Loadproducts",1,0.00,0x09FD55C7,243,37,248,39,
"FoodMazaPos.SalesSummary.SalesEstimation",1,0.00,0x09FD3CB1,71,21,71,80,
"FoodMazaPos.SalesSummary.SalesEstimation",1,0.00,0x09FD3CC2,71,21,71,80,
"FoodMazaPos.SalesSummary.SalesEstimation",1,0.00,0x09FD3DA7,76,17,76,40,
"FoodMazaPos.SalesSummary.SalesEstimation",1,0.00,0x09FD3DC8,83,13,83,85,
"FoodMazaPos.SalesSummary.SalesEstimation",1,0.00,0x09FD4633,138,17,138,40,
"FoodMazaPos.SalesSummary.SalesEstimation",1,0.00,0x09FD49CA,164,21,164,80,
"FoodMazaPos.SalesSummary.SalesEstimation",1,0.00,0x09FD4AD2,169,17,169,40,
"FoodMazaPos.Stocks.dgv_1",1,0.00,0x08EC5E9C,323,13,323,102,
"FoodMazaPos.Stocks.dgv_1",1,0.00,0x08EC5F12,330,13,330,88,
"FoodMazaPos.Stocks.InitializeComponent",1,0.00,0x08EC25F3,38,13,38,64,
"FoodMazaPos.Stocks.InitializeComponent",1,0.00,0x08EC317B,111,13,111,157,
"FoodMazaPos.Stocks.InitializeComponent",1,0.00,0x08EC3EE2,185,13,185,68,
"FoodMazaPos.Stocks.InitializeComponent",1,0.00,0x08EC3FAE,188,13,188,71,
"FoodMazaPos.Stocks.InitializeComponent",1,0.00,0x08EC533E,283,13,283,130,
"FoodMazaPos.Stocks.InitializeComponent",1,0.00,0x08EC5C55,340,13,340,56,
"FoodMazaPos.Stocks.InitializeComponent",1,0.00,0x08EC5C94,343,13,343,56,
"FoodMazaPos.Stocks.Stocks_Load",1,0.00,0x08EC5D73,27,13,27,21,
"FoodMazaPos.updatestocks.InitializeComponent",1,0.00,0x0CD5AF68,161,13,161,159,
"FoodMazaPos.updatestocks.InitializeComponent",1,0.00,0x0CD5B29F,179,13,179,157,
"FoodMazaPos.updatestocks.InitializeComponent",1,0.00,0x0CD5BDE1,244,13,244,155,
"FoodMazaPos.updatestocks.InitializeComponent",1,0.00,0x0CD5C6D4,295,13,295,56,
"FoodMazaPos.updatestocks.LoadGridView1",1,0.00,0x0CD5C9E1,45,13,45,55,
