Function Name,Exclusive Samples,Exclusive Samples %,Inclusive Samples,Inclusive Samples %,Source Line Begin,Source Character Begin,Source Line End,Source Character End,
"[System.Windows.Forms.ni.dll]","13,782",32.97,"35,335",84.52,0,0,0,0,
"[windows.storage.dll]","3,212",7.68,"5,032",12.04,0,0,0,0,
"[KernelBase.dll]","3,048",7.29,"3,059",7.32,0,0,0,0,
"[System.Drawing.ni.dll]","2,716",6.50,"12,676",30.32,0,0,0,0,
"[clr.dll]","2,091",5.00,"2,091",5.00,0,0,0,0,
"[shell32.dll]","1,758",4.21,"4,125",9.87,0,0,0,0,
"[dui70.dll]","1,417",3.39,"3,813",9.12,0,0,0,0,
"[user32.dll]","1,051",2.51,"9,607",22.98,0,0,0,0,
"[comctl32.dll]","1,024",2.45,"3,380",8.08,0,0,0,0,
"[cfgmgr32.dll]",586,1.40,586,1.40,0,0,0,0,
"[combase.dll]",571,1.37,"1,253",3.00,0,0,0,0,
"[win32u.dll]",523,1.25,524,1.25,0,0,0,0,
"FoodMazaPos.Cashier.aAAToolStripMenuItem_Click",504,1.21,593,1.42,"1,595",13,"1,595",30,
"[mscorlib.ni.dll]",501,1.20,501,1.20,0,0,0,0,
"[ntdll.dll]",474,1.13,"1,589",3.80,0,0,0,0,
"[duser.dll]",415,0.99,"4,030",9.64,0,0,0,0,
"[DropboxExt.26.0.dll]",363,0.87,915,2.19,0,0,0,0,
"FoodMazaPos.InvoiceDetails.LoadGridView",343,0.82,343,0.82,39,13,39,34,
"[System.Data.ni.dll]",341,0.82,341,0.82,0,0,0,0,
"FoodMazaPos.ExportToExcel.LoadGridView1",331,0.79,331,0.79,47,13,47,34,
"[ExplorerFrame.dll]",293,0.70,"8,982",21.48,0,0,0,0,
"FoodMazaPos.Inventory.label_Stock_Click",274,0.66,277,0.66,30,13,30,48,
"FoodMazaPos.Cashier.bBBBToolStripMenuItem_Click",262,0.63,483,1.16,"1,719",13,"1,719",23,
"FoodMazaPos.Stocks.LoadGridView1",249,0.60,249,0.60,301,13,301,34,
"FoodMazaPos.Cashier.Loadproducts",241,0.58,246,0.59,682,33,682,68,
"FoodMazaPos.Stocks.btnUpdate_Click",228,0.55,228,0.55,241,21,241,54,
"[uxtheme.dll]",225,0.54,638,1.53,0,0,0,0,
"FoodMazaPos.Inventory.label_Product_Click",221,0.53,222,0.53,35,13,35,48,
"FoodMazaPos.Inventory.label_Category_Click",209,0.50,210,0.50,40,13,40,48,
"[rpcrt4.dll]",190,0.45,191,0.46,0,0,0,0,
"FoodMazaPos.Login.btnLogin_Click",188,0.45,838,2.00,52,21,52,33,
"[SHCore.dll]",163,0.39,788,1.88,0,0,0,0,
"FoodMazaPos.Inventory.label_Report_Click",162,0.39,163,0.39,45,13,45,48,
"[propsys.dll]",141,0.34,175,0.42,0,0,0,0,
"FoodMazaPos.Cashier.Loadcategory",140,0.33,144,0.34,485,33,485,69,
"[msvcrt.dll]",137,0.33,137,0.33,0,0,0,0,
"[ntdll.dll]",131,0.31,131,0.31,0,0,0,0,
"[IPHLPAPI.DLL]",124,0.30,244,0.58,0,0,0,0,
"FoodMazaPos.Cashier.eXPORTTOEXCELToolStripMenuItem_Click",122,0.29,626,1.50,"1,731",13,"1,731",27,
"FoodMazaPos.InvoiceDetails.SearchInvoice_Click",116,0.28,116,0.28,121,17,121,38,
"[clbcatq.dll]",107,0.26,"1,891",4.52,0,0,0,0,
"FoodMazaPos.Cashier.Timercheckingstock",106,0.25,255,0.61,193,21,193,40,
"FoodMazaPos.Cashier.label3Click",102,0.24,104,0.25,582,33,582,68,
"FoodMazaPos.Cashier.btnRefresh_Click",97,0.23,97,0.23,"1,491",13,"1,491",28,
"FoodMazaPos.Inventory.label_Dashboard_Click",93,0.22,93,0.22,25,13,25,48,
"FoodMazaPos.Cashier.Dispose",90,0.22,139,0.33,20,13,20,37,
"FoodMazaPos.Stocks.LoadGridView1",90,0.22,90,0.22,293,13,293,28,
"FoodMazaPos.Cashier.Timercheckingstock",89,0.21,89,0.21,188,17,189,96,
"[gdi32.dll]",85,0.20,85,0.20,0,0,0,0,
"[System.Windows.Forms.DataVisualization.ni.dll]",79,0.19,79,0.19,0,0,0,0,
"FoodMazaPos.Cashier.sEARCHINVOICESToolStripMenuItem_Click",77,0.18,585,1.40,"1,701",13,"1,701",23,
"FoodMazaPos.Cashier.sALESSUMMARYToolStripMenuItem_Click",73,0.17,281,0.67,"1,725",13,"1,725",23,
"FoodMazaPos.Inventory.Dispose",73,0.17,73,0.17,20,13,20,37,
"[atlthunk.dll]",67,0.16,"1,559",3.73,0,0,0,0,
"FoodMazaPos.updatestocks.LoadGridView1",61,0.15,61,0.15,41,13,41,34,
"[dfdll.dll]",59,0.14,286,0.68,0,0,0,0,
"FoodMazaPos.Cashier.cLOCKOUTLOGOUTToolStripMenuItem_Click",54,0.13,55,0.13,"1,679",13,"1,679",26,
"FoodMazaPos.ExportToExcel.ExportToExcel_Load",47,0.11,469,1.12,29,13,29,29,
"[kernel32.dll]",39,0.09,39,0.09,0,0,0,0,
"FoodMazaPos.InvoiceDetails.InvoiceDetails_Load",39,0.09,478,1.14,25,13,25,28,
"[thumbcache.dll]",37,0.09,871,2.08,0,0,0,0,
"FoodMazaPos.Cashier.aBOUTToolStripMenuItem_Click",37,0.09,37,0.09,"1,737",13,"1,737",26,
"FoodMazaPos.updatestocks.ToFillGridview",37,0.09,37,0.09,161,17,161,38,
"FoodMazaPos.Cashier.InitializeComponent",34,0.08,34,0.08,102,13,102,87,
"FoodMazaPos.SalesSummary.SalesEstimation",34,0.08,34,0.08,164,21,164,80,
"[ole32.dll]",27,0.06,74,0.18,0,0,0,0,
"[shlwapi.dll]",26,0.06,370,0.89,0,0,0,0,
"FoodMazaPos.Cashier.btnRefresh_Click",26,0.06,26,0.06,"1,498",13,"1,498",47,
"FoodMazaPos.Cashier.label3Click",25,0.06,25,0.06,500,13,500,47,
"FoodMazaPos.Inventory.InventoryHeaderInfo",25,0.06,25,0.06,310,21,310,80,
"[msctf.dll]",21,0.05,21,0.05,0,0,0,0,
"[gdi32full.dll]",20,0.05,20,0.05,0,0,0,0,
"FoodMazaPos.Cashier.btnRefresh_Click",19,0.05,19,0.05,"1,500",13,"1,500",47,
"FoodMazaPos.Cashier.InitializeComponent",19,0.05,19,0.05,105,13,105,88,
"[StructuredQuery.dll]",18,0.04,26,0.06,0,0,0,0,
"FoodMazaPos.SalesSummary.SalesEstimation",18,0.04,18,0.04,102,21,102,80,
"FoodMazaPos.Stocks.Dispose",17,0.04,17,0.04,20,13,20,37,
"[nsi.dll]",16,0.04,16,0.04,0,0,0,0,
"FoodMazaPos.SalesSummary.Dispose",15,0.04,15,0.04,20,13,20,37,
"FoodMazaPos.SalesSummary.Loadproducts",15,0.04,15,0.04,279,37,279,72,
"FoodMazaPos.SalesSummary.SalesEstimation",15,0.04,16,0.04,71,21,71,80,
"[twinapi.appcore.dll]",14,0.03,34,0.08,0,0,0,0,
"FoodMazaPos.Inventory.InitializeComponent",14,0.03,14,0.03,"2,218",13,"2,218",53,
"FoodMazaPos.updatestocks.Dispose",14,0.03,14,0.03,20,13,20,37,
"FoodMazaPos.Cashier.labelClick",12,0.03,12,0.03,725,17,725,48,
"FoodMazaPos.InvoiceDetails.calculate",12,0.03,12,0.03,101,17,101,79,
"FoodMazaPos.Inventory..ctor",11,0.03,132,0.32,19,13,19,35,
"[msftedit.dll]",10,0.02,168,0.40,0,0,0,0,
"FoodMazaPos.Cashier.labelClick",10,0.02,10,0.02,736,25,736,57,
"FoodMazaPos.Cashier.labelClick",10,0.02,10,0.02,744,25,744,77,
"FoodMazaPos.Inventory.InventoryHeaderInfo",10,0.02,10,0.02,258,17,258,38,
"FoodMazaPos.InvoiceDetails.dgv_1",10,0.02,10,0.02,75,13,75,97,
"FoodMazaPos.SalesSummary.Loadproducts",10,0.02,10,0.02,280,37,280,60,
"[mscoree.dll]",9,0.02,9,0.02,0,0,0,0,
"FoodMazaPos.ExportToExcel.Dispose",9,0.02,9,0.02,20,13,20,37,
"FoodMazaPos.ExportToExcel.LoadGridView1",9,0.02,9,0.02,50,13,50,55,
"FoodMazaPos.SalesSummary.Loadproducts",9,0.02,9,0.02,282,37,282,62,
"[safemon.dll]",8,0.02,57,0.14,0,0,0,0,
"[ucrtbase.dll]",8,0.02,8,0.02,0,0,0,0,
"[wkscli.dll]",8,0.02,8,0.02,0,0,0,0,
"FoodMazaPos.About.Dispose",8,0.02,8,0.02,20,13,20,37,
"FoodMazaPos.Cashier.dgv1_CellEndEdit",8,0.02,8,0.02,776,17,776,71,
"FoodMazaPos.ExportToExcel.LoadGridView1",8,0.02,8,0.02,55,13,55,56,
"FoodMazaPos.InvoiceDetails.Dispose",8,0.02,8,0.02,20,13,20,37,
"FoodMazaPos.InvoiceDetails.LoadGridView",8,0.02,8,0.02,54,13,54,55,
"FoodMazaPos.SalesSummary.InitializeComponent",8,0.02,8,0.02,364,13,364,52,
"FoodMazaPos.SalesSummary.Loadproducts",8,0.02,8,0.02,232,49,232,107,
"FoodMazaPos.SalesSummary.Loadproducts",8,0.02,8,0.02,281,37,281,62,
"[PlayToDevice.dll]",7,0.02,966,2.31,0,0,0,0,
"[WindowsCodecs.dll]",7,0.02,7,0.02,0,0,0,0,
"FoodMazaPos.About..ctor",7,0.02,38,0.09,18,13,18,35,
"FoodMazaPos.Inventory..ctor",7,0.02,560,1.34,18,13,18,35,
"FoodMazaPos.InvoiceDetails.LoadGridView",7,0.02,7,0.02,53,13,53,56,
"FoodMazaPos.InvoiceDetails.LoadGridView",7,0.02,7,0.02,56,13,56,59,
"FoodMazaPos.SalesSummary.SalesSummary_Load",7,0.02,126,0.30,46,13,46,31,
"FoodMazaPos.Stocks.LoadGridView1",7,0.02,7,0.02,308,13,308,59,
"FoodMazaPos.Stocks.LoadGridView1",7,0.02,7,0.02,309,13,309,55,
"FoodMazaPos.updatestocks.dgv_1",7,0.02,7,0.02,63,13,63,102,
"[dlnashext.dll]",6,0.01,663,1.59,0,0,0,0,
"[msi.dll]",6,0.01,137,0.33,0,0,0,0,
"[sechost.dll]",6,0.01,6,0.01,0,0,0,0,
"FoodMazaPos.Cashier.cLOCKOUTLOGOUTToolStripMenuItem_Click",6,0.01,6,0.01,"1,678",13,"1,678",25,
"FoodMazaPos.ExportToExcel.LoadGridView1",6,0.01,6,0.01,57,13,57,59,
"FoodMazaPos.ExportToExcel.LoadGridView1",6,0.01,6,0.01,58,13,58,55,
"FoodMazaPos.ExportToExcel.LoadGridView1",6,0.01,6,0.01,61,13,61,56,
"FoodMazaPos.InvoiceDetails.LoadGridView",6,0.01,6,0.01,42,13,42,55,
"FoodMazaPos.InvoiceDetails.LoadGridView",6,0.01,6,0.01,45,13,45,54,
"FoodMazaPos.InvoiceDetails.LoadGridView",6,0.01,6,0.01,50,13,50,55,
"FoodMazaPos.Login.btnLogin_Click",6,0.01,6,0.01,51,21,51,33,
"FoodMazaPos.SalesSummary.InitializeComponent",6,0.01,6,0.01,362,13,362,52,
"FoodMazaPos.updatestocks.dgv_1",6,0.01,6,0.01,62,13,62,97,
"[Windows.Storage.Search.dll]",5,0.01,8,0.02,0,0,0,0,
"FoodMazaPos.Cashier.Dgv_1",5,0.01,5,0.01,399,13,399,74,
"FoodMazaPos.Cashier.Dgv_1",5,0.01,5,0.01,403,13,403,102,
"FoodMazaPos.ExportToExcel.LoadGridView1",5,0.01,5,0.01,52,13,52,53,
"FoodMazaPos.ExportToExcel.LoadGridView1",5,0.01,5,0.01,53,13,53,54,
"FoodMazaPos.ExportToExcel.LoadGridView1",5,0.01,5,0.01,54,13,54,57,
"FoodMazaPos.ExportToExcel.LoadGridView1",5,0.01,5,0.01,60,13,60,55,
"FoodMazaPos.ExportToExcel.LoadGridView1",5,0.01,5,0.01,62,13,62,55,
"FoodMazaPos.ExportToExcel.LoadGridView1",5,0.01,5,0.01,64,13,64,59,
"FoodMazaPos.Inventory.InventoryHeaderInfo",5,0.01,5,0.01,306,17,306,38,
"FoodMazaPos.InvoiceDetails.LoadGridView",5,0.01,5,0.01,31,13,31,28,
"FoodMazaPos.InvoiceDetails.LoadGridView",5,0.01,5,0.01,48,13,48,57,
"FoodMazaPos.InvoiceDetails.LoadGridView",5,0.01,5,0.01,49,13,49,59,
"FoodMazaPos.InvoiceDetails.LoadGridView",5,0.01,5,0.01,52,13,52,55,
"FoodMazaPos.InvoiceDetails.LoadGridView",5,0.01,5,0.01,58,13,58,58,
"FoodMazaPos.InvoiceDetails.LoadGridView",5,0.01,5,0.01,60,13,60,62,
"FoodMazaPos.SalesSummary.SalesEstimation",5,0.01,5,0.01,65,17,65,38,
"FoodMazaPos.Stocks.LoadGridView1",5,0.01,5,0.01,304,13,304,53,
"FoodMazaPos.Stocks.LoadGridView1",5,0.01,5,0.01,305,13,305,55,
"FoodMazaPos.Stocks.LoadGridView1",5,0.01,5,0.01,306,13,306,57,
"FoodMazaPos.Stocks.LoadGridView1",5,0.01,5,0.01,307,13,307,58,
"FoodMazaPos.Stocks.LoadGridView1",5,0.01,5,0.01,310,13,310,55,
"FoodMazaPos.updatestocks.LoadGridView1",5,0.01,5,0.01,33,13,33,28,
"[DevDispItemProvider.dll]",4,0.01,93,0.22,0,0,0,0,
"[msftedit.dll]",4,0.01,6,0.01,0,0,0,0,
"[winspool.drv]",4,0.01,"10,335",24.72,0,0,0,0,
"[WMVCORE.DLL]",4,0.01,6,0.01,0,0,0,0,
"FoodMazaPos.Cashier.Dgv_1",4,0.01,4,0.01,402,13,402,97,
"FoodMazaPos.ExportToExcel.LoadGridView1",4,0.01,4,0.01,51,13,51,52,
"FoodMazaPos.ExportToExcel.LoadGridView1",4,0.01,4,0.01,56,13,56,57,
"FoodMazaPos.ExportToExcel.LoadGridView1",4,0.01,4,0.01,66,13,66,58,
"FoodMazaPos.ExportToExcel.LoadGridView1",4,0.01,4,0.01,68,13,68,62,
"FoodMazaPos.ExportToExcel.LoadGridView1",4,0.01,4,0.01,70,13,70,54,
"FoodMazaPos.Inventory.InitializeComponent",4,0.01,4,0.01,"1,043",13,"1,043",51,
"FoodMazaPos.Inventory.InitializeComponent",4,0.01,4,0.01,"2,208",13,"2,208",50,
"FoodMazaPos.InvoiceDetails.InitializeComponent",4,0.01,4,0.01,216,13,216,52,
"FoodMazaPos.InvoiceDetails.LoadGridView",4,0.01,4,0.01,43,13,43,52,
"FoodMazaPos.InvoiceDetails.LoadGridView",4,0.01,4,0.01,44,13,44,53,
"FoodMazaPos.InvoiceDetails.LoadGridView",4,0.01,4,0.01,46,13,46,57,
"FoodMazaPos.InvoiceDetails.LoadGridView",4,0.01,4,0.01,47,13,47,56,
"FoodMazaPos.InvoiceDetails.SearchInvoice_Click",4,0.01,4,0.01,139,17,139,39,
"FoodMazaPos.SalesSummary.SalesEstimation",4,0.01,4,0.01,133,21,133,80,
"FoodMazaPos.Stocks.InitializeComponent",4,0.01,4,0.01,337,13,337,52,
"FoodMazaPos.updatestocks.dgv_1",4,0.01,4,0.01,59,13,59,74,
"[msftedit.dll]",3,0.01,7,0.02,0,0,0,0,
"[OneCoreUAPCommonProxyStub.dll]",3,0.01,7,0.02,0,0,0,0,
"[System.ni.dll]",3,0.01,3,0.01,0,0,0,0,
"[xmllite.dll]",3,0.01,5,0.01,0,0,0,0,
"FoodMazaPos.Cashier.Dgv_1",3,0.01,3,0.01,410,13,410,88,
"FoodMazaPos.Inventory.InitializeComponent",3,0.01,3,0.01,"2,310",13,"2,310",38,
"FoodMazaPos.InvoiceDetails.LoadGridView",3,0.01,3,0.01,62,13,62,54,
"FoodMazaPos.SalesSummary.SalesEstimation",3,0.01,3,0.01,96,17,96,38,
"FoodMazaPos.updatestocks.InitializeComponent",3,0.01,3,0.01,301,13,301,52,
"FoodMazaPos.updatestocks.LoadGridView1",3,0.01,3,0.01,47,13,47,58,
"FoodMazaPos.updatestocks.LoadGridView1",3,0.01,3,0.01,48,13,48,59,
"FoodMazaPos.updatestocks.LoadGridView1",3,0.01,3,0.01,49,13,49,55,
"[advapi32.dll]",2,0.00,2,0.00,0,0,0,0,
"[oleacc.dll]",2,0.00,8,0.02,0,0,0,0,
"[policymanager.dll]",2,0.00,89,0.21,0,0,0,0,
"[Windows.Globalization.dll]",2,0.00,4,0.01,0,0,0,0,
"[xmllite.dll]",2,0.00,4,0.01,0,0,0,0,
"[xmllite.dll]",2,0.00,2,0.00,0,0,0,0,
"FoodMazaPos.About.InitializeComponent",2,0.00,2,0.00,71,13,71,42,
"FoodMazaPos.About.InitializeComponent",2,0.00,2,0.00,73,13,73,72,
"FoodMazaPos.Cashier.btnRefresh_Click",2,0.00,2,0.00,"1,490",13,"1,490",31,
"FoodMazaPos.Cashier.Dgv_1",2,0.00,2,0.00,413,13,413,93,
"FoodMazaPos.Cashier.InitializeComponent",2,0.00,2,0.00,937,13,937,45,
"FoodMazaPos.Cashier.Loadproducts",2,0.00,3,0.01,667,33,677,35,
"FoodMazaPos.ExportToExcel.ExportToExcel_Load",2,0.00,3,0.01,22,13,22,21,
"FoodMazaPos.ExportToExcel.LoadGridView6",2,0.00,2,0.00,161,13,161,34,
"FoodMazaPos.Inventory.InitializeComponent",2,0.00,2,0.00,161,13,161,65,
"FoodMazaPos.Inventory.InitializeComponent",2,0.00,2,0.00,"1,507",13,"1,507",77,
"FoodMazaPos.Inventory.InitializeComponent",2,0.00,2,0.00,"1,849",13,"1,849",41,
"FoodMazaPos.Inventory.InitializeComponent",2,0.00,2,0.00,"1,975",13,"1,975",51,
"FoodMazaPos.Inventory.InitializeComponent",2,0.00,2,0.00,"2,020",13,"2,020",69,
"FoodMazaPos.Inventory.InitializeComponent",2,0.00,2,0.00,"2,224",13,"2,224",53,
"FoodMazaPos.Inventory.InitializeComponent",2,0.00,2,0.00,"2,234",13,"2,234",52,
"FoodMazaPos.Inventory.InitializeComponent",2,0.00,2,0.00,"2,235",13,"2,235",56,
"FoodMazaPos.Inventory.InitializeComponent",2,0.00,2,0.00,"2,240",13,"2,240",56,
"FoodMazaPos.Inventory.InitializeComponent",2,0.00,2,0.00,"2,241",13,"2,241",43,
"FoodMazaPos.Inventory.InitializeComponent",2,0.00,2,0.00,"2,243",13,"2,243",56,
"FoodMazaPos.Inventory.InitializeComponent",2,0.00,2,0.00,"2,249",13,"2,249",53,
"FoodMazaPos.Inventory.InitializeComponent",2,0.00,2,0.00,"2,259",13,"2,259",53,
"FoodMazaPos.Inventory.InitializeComponent",2,0.00,2,0.00,"2,265",13,"2,265",53,
"FoodMazaPos.Inventory.InitializeComponent",2,0.00,2,0.00,"2,301",13,"2,301",53,
"FoodMazaPos.Inventory.InventoryHeaderInfo",2,0.00,2,0.00,281,17,281,38,
"FoodMazaPos.Inventory.InventoryHeaderInfo",2,0.00,2,0.00,420,17,420,38,
"FoodMazaPos.Inventory.InventoryHeaderInfo",2,0.00,2,0.00,440,17,440,38,
"FoodMazaPos.Inventory.LoadGridView2",2,0.00,2,0.00,187,13,187,34,
"FoodMazaPos.Inventory.LoadGridView3",2,0.00,2,0.00,209,13,209,34,
"FoodMazaPos.Inventory.LoadGridView4",2,0.00,2,0.00,230,13,230,34,
"FoodMazaPos.InvoiceDetails.InvoiceDetails_Load",2,0.00,16,0.04,26,13,26,25,
"FoodMazaPos.SalesSummary.SalesEstimation",2,0.00,2,0.00,127,17,127,38,
"FoodMazaPos.SalesSummary.SalesEstimation",2,0.00,2,0.00,158,17,158,38,
"FoodMazaPos.Stocks..ctor",2,0.00,156,0.37,22,13,22,35,
"FoodMazaPos.Stocks.dgv_1",2,0.00,2,0.00,322,13,322,97,
"FoodMazaPos.Stocks.InitializeComponent",2,0.00,2,0.00,102,13,102,158,
"FoodMazaPos.updatestocks..ctor",2,0.00,110,0.26,21,13,21,35,
"FoodMazaPos.updatestocks.dgv_1",2,0.00,2,0.00,70,13,70,88,
"FoodMazaPos.updatestocks.dgv_1",2,0.00,2,0.00,73,13,73,93,
"FoodMazaPos.updatestocks.LoadGridView1",2,0.00,2,0.00,44,13,44,53,
"FoodMazaPos.updatestocks.LoadGridView1",2,0.00,2,0.00,46,13,46,57,
"FoodMazaPos.updatestocks.LoadGridView1",2,0.00,2,0.00,50,13,50,55,
"[d3d11.dll]",1,0.00,1,0.00,0,0,0,0,
"[davclnt.dll]",1,0.00,1,0.00,0,0,0,0,
"[dcomp.dll]",1,0.00,1,0.00,0,0,0,0,
"[dhcpcsvc.dll]",1,0.00,101,0.24,0,0,0,0,
"[dhcpcsvc6.dll]",1,0.00,19,0.05,0,0,0,0,
"[drprov.dll]",1,0.00,1,0.00,0,0,0,0,
"[edputil.dll]",1,0.00,3,0.01,0,0,0,0,
"[MMDevAPI.dll]",1,0.00,77,0.18,0,0,0,0,
"[msvcp110_win.dll]",1,0.00,1,0.00,0,0,0,0,
"[netprofm.dll]",1,0.00,210,0.50,0,0,0,0,
"[networkexplorer.dll]",1,0.00,1,0.00,0,0,0,0,
"[npmproxy.dll]",1,0.00,1,0.00,0,0,0,0,
"[ntshrui.dll]",1,0.00,6,0.01,0,0,0,0,
"[oleaut32.dll]",1,0.00,1,0.00,0,0,0,0,
"[setupapi.dll]",1,0.00,10,0.02,0,0,0,0,
"[twinapi.dll]",1,0.00,7,0.02,0,0,0,0,
"[wininet.dll]",1,0.00,1,0.00,0,0,0,0,
"[WMVCORE.DLL]",1,0.00,3,0.01,0,0,0,0,
"[wow64cpu.dll]",1,0.00,1,0.00,0,0,0,0,
"FoodMazaPos.About.InitializeComponent",1,0.00,1,0.00,92,13,92,166,
"FoodMazaPos.About.InitializeComponent",1,0.00,1,0.00,95,13,95,65,
"FoodMazaPos.About.InitializeComponent",1,0.00,1,0.00,101,13,101,41,
"FoodMazaPos.About.InitializeComponent",1,0.00,1,0.00,111,13,111,45,
"FoodMazaPos.About.InitializeComponent",1,0.00,1,0.00,113,13,113,75,
"FoodMazaPos.About.InitializeComponent",1,0.00,1,0.00,114,13,114,49,
"FoodMazaPos.About.InitializeComponent",1,0.00,1,0.00,125,13,125,70,
"FoodMazaPos.About.InitializeComponent",1,0.00,1,0.00,133,13,133,41,
"FoodMazaPos.About.InitializeComponent",1,0.00,1,0.00,134,13,134,166,
"FoodMazaPos.About.InitializeComponent",1,0.00,1,0.00,154,13,154,166,
"FoodMazaPos.About.InitializeComponent",1,0.00,1,0.00,165,13,165,69,
"FoodMazaPos.About.InitializeComponent",1,0.00,1,0.00,183,13,183,41,
"FoodMazaPos.About.InitializeComponent",1,0.00,1,0.00,185,13,185,69,
"FoodMazaPos.About.InitializeComponent",1,0.00,1,0.00,204,13,204,45,
"FoodMazaPos.Cashier..ctor",1,0.00,89,0.21,204,13,204,35,
"FoodMazaPos.Cashier.btnRefresh_Click",1,0.00,"1,741",4.16,"1,499",13,"1,499",28,
"FoodMazaPos.Cashier.button1_Click",1,0.00,1,0.00,"1,036",22,"1,036",47,
"FoodMazaPos.Cashier.InitializeComponent",1,0.00,1,0.00,148,13,148,79,
"FoodMazaPos.Cashier.InitializeComponent",1,0.00,1,0.00,156,13,156,73,
"FoodMazaPos.Cashier.InitializeComponent",1,0.00,1,0.00,195,13,195,75,
"FoodMazaPos.Cashier.InitializeComponent",1,0.00,1,0.00,202,13,202,75,
"FoodMazaPos.Cashier.InitializeComponent",1,0.00,1,0.00,216,13,216,85,
"FoodMazaPos.Cashier.InitializeComponent",1,0.00,1,0.00,221,13,226,52,
"FoodMazaPos.Cashier.InitializeComponent",1,0.00,1,0.00,234,13,234,89,
"FoodMazaPos.Cashier.InitializeComponent",1,0.00,1,0.00,242,13,242,79,
"FoodMazaPos.Cashier.InitializeComponent",1,0.00,1,0.00,249,13,249,79,
"FoodMazaPos.Cashier.InitializeComponent",1,0.00,1,0.00,268,13,272,49,
"FoodMazaPos.Cashier.InitializeComponent",1,0.00,1,0.00,281,13,281,67,
"FoodMazaPos.Cashier.InitializeComponent",1,0.00,1,0.00,288,13,288,69,
"FoodMazaPos.Cashier.InitializeComponent",1,0.00,1,0.00,295,13,295,71,
"FoodMazaPos.Cashier.InitializeComponent",1,0.00,1,0.00,307,13,308,51,
"FoodMazaPos.Cashier.InitializeComponent",1,0.00,1,0.00,333,13,333,71,
"FoodMazaPos.Cashier.InitializeComponent",1,0.00,1,0.00,665,13,665,163,
"FoodMazaPos.Cashier.InitializeComponent",1,0.00,1,0.00,721,13,729,27,
"FoodMazaPos.Cashier.InitializeComponent",1,0.00,1,0.00,859,13,859,78,
"FoodMazaPos.Cashier.InitializeComponent",1,0.00,1,0.00,928,13,928,48,
"FoodMazaPos.Cashier.InitializeComponent",1,0.00,1,0.00,942,13,942,52,
"FoodMazaPos.Cashier.InitializeComponent",1,0.00,1,0.00,944,13,944,52,
"FoodMazaPos.Cashier.InitializeComponent",1,0.00,1,0.00,946,13,946,52,
"FoodMazaPos.Cashier.InitializeComponent",1,0.00,1,0.00,949,13,949,52,
"FoodMazaPos.Cashier.inventoryFunctionality",1,0.00,3,0.01,"4,552",45,"4,552",364,
"FoodMazaPos.Cashier.label3Click",1,0.00,1,0.00,536,33,543,35,
"FoodMazaPos.Cashier.Loadcategory",1,0.00,1,0.00,460,33,469,35,
"FoodMazaPos.Cashier.Loadcategory",1,0.00,1,0.00,471,33,481,35,
"FoodMazaPos.Cashier.Loadcategory",1,0.00,1,0.00,483,33,483,61,
"FoodMazaPos.Cashier.Loadproducts",1,0.00,1,0.00,635,33,642,35,
"FoodMazaPos.Cashier.Loadproducts",1,0.00,1,0.00,655,33,665,35,
"FoodMazaPos.Cashier.Timercheckingstock",1,0.00,1,0.00,184,13,184,47,
"FoodMazaPos.ExportToExcel..ctor",1,0.00,84,0.20,14,13,14,35,
"FoodMazaPos.ExportToExcel.dgv_1",1,0.00,1,0.00,206,13,206,102,
"FoodMazaPos.ExportToExcel.dgv_1",1,0.00,1,0.00,216,13,216,93,
"FoodMazaPos.ExportToExcel.dgv_5",1,0.00,1,0.00,305,13,305,88,
"FoodMazaPos.ExportToExcel.InitializeComponent",1,0.00,1,0.00,73,13,73,65,
"FoodMazaPos.ExportToExcel.InitializeComponent",1,0.00,1,0.00,202,13,202,74,
"FoodMazaPos.ExportToExcel.InitializeComponent",1,0.00,1,0.00,322,13,322,74,
"FoodMazaPos.ExportToExcel.InitializeComponent",1,0.00,1,0.00,552,13,552,64,
"FoodMazaPos.ExportToExcel.InitializeComponent",1,0.00,1,0.00,658,13,658,135,
"FoodMazaPos.ExportToExcel.InitializeComponent",1,0.00,1,0.00,922,13,922,50,
"FoodMazaPos.ExportToExcel.InitializeComponent",1,0.00,1,0.00,937,13,937,41,
"FoodMazaPos.ExportToExcel.InitializeComponent",1,0.00,1,0.00,947,13,947,43,
"FoodMazaPos.ExportToExcel.InitializeComponent",1,0.00,1,0.00,968,13,968,38,
"FoodMazaPos.ExportToExcel.LoadGridView2",1,0.00,1,0.00,84,13,84,34,
"FoodMazaPos.ExportToExcel.LoadGridView3",1,0.00,1,0.00,101,13,101,34,
"FoodMazaPos.ExportToExcel.LoadGridView4",1,0.00,1,0.00,121,13,121,34,
"FoodMazaPos.ExportToExcel.LoadGridView5",1,0.00,1,0.00,142,13,142,34,
"FoodMazaPos.ExportToExcel.LoadGridView7",1,0.00,1,0.00,184,13,184,34,
"FoodMazaPos.Inventory..ctor",1,0.00,28,0.07,20,13,20,46,
"FoodMazaPos.Inventory.EstimatingSTockAtTheStartOfDay",1,0.00,1,0.00,489,29,489,50,
"FoodMazaPos.Inventory.EstimatingSTockAtTheStartOfDay",1,0.00,1,0.00,504,29,504,52,
"FoodMazaPos.Inventory.EstimatingSTockAtTheStartOfDay",1,0.00,1,0.00,531,29,531,50,
"FoodMazaPos.Inventory.InitializeComponent",1,0.00,1,0.00,98,13,98,65,
"FoodMazaPos.Inventory.InitializeComponent",1,0.00,1,0.00,141,13,141,65,
"FoodMazaPos.Inventory.InitializeComponent",1,0.00,1,0.00,260,13,260,58,
"FoodMazaPos.Inventory.InitializeComponent",1,0.00,1,0.00,276,13,276,72,
"FoodMazaPos.Inventory.InitializeComponent",1,0.00,1,0.00,377,13,377,81,
"FoodMazaPos.Inventory.InitializeComponent",1,0.00,1,0.00,416,13,416,78,
"FoodMazaPos.Inventory.InitializeComponent",1,0.00,1,0.00,423,13,423,74,
"FoodMazaPos.Inventory.InitializeComponent",1,0.00,1,0.00,424,13,424,75,
"FoodMazaPos.Inventory.InitializeComponent",1,0.00,1,0.00,669,13,669,73,
"FoodMazaPos.Inventory.InitializeComponent",1,0.00,1,0.00,786,13,786,91,
"FoodMazaPos.Inventory.InitializeComponent",1,0.00,1,0.00,847,13,847,66,
"FoodMazaPos.Inventory.InitializeComponent",1,0.00,1,0.00,909,13,909,79,
"FoodMazaPos.Inventory.InitializeComponent",1,0.00,1,0.00,961,13,961,81,
"FoodMazaPos.Inventory.InitializeComponent",1,0.00,1,0.00,966,13,966,80,
"FoodMazaPos.Inventory.InitializeComponent",1,0.00,1,0.00,"1,054",13,"1,054",76,
"FoodMazaPos.Inventory.InitializeComponent",1,0.00,1,0.00,"1,101",13,"1,101",76,
"FoodMazaPos.Inventory.InitializeComponent",1,0.00,1,0.00,"1,155",13,"1,155",66,
"FoodMazaPos.Inventory.InitializeComponent",1,0.00,1,0.00,"1,269",13,"1,269",85,
"FoodMazaPos.Inventory.InitializeComponent",1,0.00,1,0.00,"1,385",13,"1,385",65,
"FoodMazaPos.Inventory.InitializeComponent",1,0.00,1,0.00,"1,432",13,"1,432",83,
"FoodMazaPos.Inventory.InitializeComponent",1,0.00,1,0.00,"1,546",13,"1,546",160,
"FoodMazaPos.Inventory.InitializeComponent",1,0.00,1,0.00,"1,667",13,"1,667",81,
"FoodMazaPos.Inventory.InitializeComponent",1,0.00,1,0.00,"1,770",13,"1,770",42,
"FoodMazaPos.Inventory.InitializeComponent",1,0.00,1,0.00,"1,774",13,"1,774",68,
"FoodMazaPos.Inventory.InitializeComponent",1,0.00,1,0.00,"1,785",13,"1,785",162,
"FoodMazaPos.Inventory.InitializeComponent",1,0.00,1,0.00,"1,851",13,"1,851",149,
"FoodMazaPos.Inventory.InitializeComponent",1,0.00,1,0.00,"1,857",13,"1,857",65,
"FoodMazaPos.Inventory.InitializeComponent",1,0.00,1,0.00,"1,864",13,"1,864",163,
"FoodMazaPos.Inventory.InitializeComponent",1,0.00,1,0.00,"1,915",13,"1,915",65,
"FoodMazaPos.Inventory.InitializeComponent",1,0.00,1,0.00,"1,946",13,"1,946",81,
"FoodMazaPos.Inventory.InitializeComponent",1,0.00,1,0.00,"2,104",13,"2,104",68,
"FoodMazaPos.Inventory.InitializeComponent",1,0.00,1,0.00,"2,213",13,"2,213",47,
"FoodMazaPos.Inventory.InitializeComponent",1,0.00,1,0.00,"2,229",13,"2,229",53,
"FoodMazaPos.Inventory.InitializeComponent",1,0.00,1,0.00,"2,231",13,"2,231",56,
"FoodMazaPos.Inventory.InitializeComponent",1,0.00,1,0.00,"2,237",13,"2,237",52,
"FoodMazaPos.Inventory.InitializeComponent",1,0.00,1,0.00,"2,239",13,"2,239",56,
"FoodMazaPos.Inventory.InitializeComponent",1,0.00,1,0.00,"2,242",13,"2,242",52,
"FoodMazaPos.Inventory.InitializeComponent",1,0.00,1,0.00,"2,245",13,"2,245",57,
"FoodMazaPos.Inventory.InitializeComponent",1,0.00,1,0.00,"2,253",13,"2,253",53,
"FoodMazaPos.Inventory.InitializeComponent",1,0.00,1,0.00,"2,255",13,"2,255",53,
"FoodMazaPos.Inventory.InitializeComponent",1,0.00,1,0.00,"2,267",13,"2,267",53,
"FoodMazaPos.Inventory.InitializeComponent",1,0.00,1,0.00,"2,269",13,"2,269",53,
"FoodMazaPos.Inventory.InitializeComponent",1,0.00,1,0.00,"2,282",13,"2,282",57,
"FoodMazaPos.Inventory.InitializeComponent",1,0.00,1,0.00,"2,294",13,"2,294",57,
"FoodMazaPos.Inventory.InventoryHeaderInfo",1,0.00,1,0.00,332,17,332,38,
"FoodMazaPos.Inventory.InventoryHeaderInfo",1,0.00,1,0.00,358,17,358,38,
"FoodMazaPos.Inventory.InventoryHeaderInfo",1,0.00,1,0.00,378,17,378,38,
"FoodMazaPos.Inventory.InventoryHeaderInfo",1,0.00,1,0.00,400,17,400,38,
"FoodMazaPos.Inventory.label_Category_MouseLeave",1,0.00,1,0.00,93,13,93,52,
"FoodMazaPos.Inventory.label_Dashboard_MouseLeave",1,0.00,1,0.00,50,13,50,53,
"FoodMazaPos.Inventory.label_Product_MouseEnter",1,0.00,1,0.00,75,13,75,51,
"FoodMazaPos.Inventory.label_Stock_MouseLeave",1,0.00,1,0.00,69,13,69,49,
"FoodMazaPos.Inventory.LoadChart2",1,0.00,1,0.00,745,13,745,68,
"FoodMazaPos.InvoiceDetails..ctor",1,0.00,17,0.04,19,13,19,35,
"FoodMazaPos.InvoiceDetails.dgv_1",1,0.00,1,0.00,76,13,76,102,
"FoodMazaPos.InvoiceDetails.dgv_1",1,0.00,1,0.00,86,13,86,93,
"FoodMazaPos.InvoiceDetails.InitializeComponent",1,0.00,1,0.00,157,13,157,69,
"FoodMazaPos.InvoiceDetails.SearchInvoice_Click",1,0.00,1,0.00,132,21,132,83,
"FoodMazaPos.Login..ctor",1,0.00,1,0.00,23,9,23,23,
"FoodMazaPos.Login.InitializeComponent",1,0.00,1,0.00,34,13,34,60,
"FoodMazaPos.Login.InitializeComponent",1,0.00,1,0.00,128,13,128,38,
"FoodMazaPos.SalesSummary.InitializeComponent",1,0.00,1,0.00,34,13,34,65,
"FoodMazaPos.SalesSummary.InitializeComponent",1,0.00,1,0.00,115,13,115,63,
"FoodMazaPos.SalesSummary.InitializeComponent",1,0.00,1,0.00,357,13,357,56,
"FoodMazaPos.SalesSummary.Loadproducts",1,0.00,1,0.00,208,33,208,51,
"FoodMazaPos.SalesSummary.Loadproducts",1,0.00,1,0.00,243,37,248,39,
"FoodMazaPos.SalesSummary.SalesEstimation",1,0.00,1,0.00,76,17,76,40,
"FoodMazaPos.SalesSummary.SalesEstimation",1,0.00,1,0.00,83,13,83,85,
"FoodMazaPos.SalesSummary.SalesEstimation",1,0.00,1,0.00,138,17,138,40,
"FoodMazaPos.SalesSummary.SalesEstimation",1,0.00,1,0.00,169,17,169,40,
"FoodMazaPos.Stocks.dgv_1",1,0.00,1,0.00,323,13,323,102,
"FoodMazaPos.Stocks.dgv_1",1,0.00,1,0.00,330,13,330,88,
"FoodMazaPos.Stocks.InitializeComponent",1,0.00,1,0.00,38,13,38,64,
"FoodMazaPos.Stocks.InitializeComponent",1,0.00,1,0.00,111,13,111,157,
"FoodMazaPos.Stocks.InitializeComponent",1,0.00,1,0.00,185,13,185,68,
"FoodMazaPos.Stocks.InitializeComponent",1,0.00,1,0.00,188,13,188,71,
"FoodMazaPos.Stocks.InitializeComponent",1,0.00,1,0.00,283,13,283,130,
"FoodMazaPos.Stocks.InitializeComponent",1,0.00,1,0.00,340,13,340,56,
"FoodMazaPos.Stocks.InitializeComponent",1,0.00,1,0.00,343,13,343,56,
"FoodMazaPos.Stocks.Stocks_Load",1,0.00,6,0.01,27,13,27,21,
"FoodMazaPos.updatestocks.InitializeComponent",1,0.00,1,0.00,161,13,161,159,
"FoodMazaPos.updatestocks.InitializeComponent",1,0.00,1,0.00,179,13,179,157,
"FoodMazaPos.updatestocks.InitializeComponent",1,0.00,1,0.00,244,13,244,155,
"FoodMazaPos.updatestocks.InitializeComponent",1,0.00,1,0.00,295,13,295,56,
"FoodMazaPos.updatestocks.LoadGridView1",1,0.00,1,0.00,45,13,45,55,
"[apphelp.dll]",0,0.00,7,0.02,0,0,0,0,
"[audiodev.dll]",0,0.00,2,0.00,0,0,0,0,
"[audiodev.dll]",0,0.00,3,0.01,0,0,0,0,
"[audiodev.dll]",0,0.00,1,0.00,0,0,0,0,
"[cldapi.dll]",0,0.00,1,0.00,0,0,0,0,
"[comdlg32.dll]",0,0.00,"9,844",23.55,0,0,0,0,
"[DataExchange.dll]",0,0.00,22,0.05,0,0,0,0,
"[devobj.dll]",0,0.00,5,0.01,0,0,0,0,
"[dfshim.dll]",0,0.00,938,2.24,0,0,0,0,
"[dxgi.dll]",0,0.00,1,0.00,0,0,0,0,
"[mdnsNSP.dll]",0,0.00,2,0.00,0,0,0,0,
"[mpr.dll]",0,0.00,28,0.07,0,0,0,0,
"[msftedit.dll]",0,0.00,1,0.00,0,0,0,0,
"[ntlanman.dll]",0,0.00,9,0.02,0,0,0,0,
"[PhotoMetadataHandler.dll]",0,0.00,1,0.00,0,0,0,0,
"[PortableDeviceApi.dll]",0,0.00,8,0.02,0,0,0,0,
"[provsvc.dll]",0,0.00,1,0.00,0,0,0,0,
"[tiptsf.dll]",0,0.00,7,0.02,0,0,0,0,
"[Windows.StateRepositoryPS.dll]",0,0.00,2,0.00,0,0,0,0,
"[WMVCORE.DLL]",0,0.00,1,0.00,0,0,0,0,
"[WMVCORE.DLL]",0,0.00,1,0.00,0,0,0,0,
"[wpdshext.dll]",0,0.00,51,0.12,0,0,0,0,
"FoodMazaPos.About.InitializeComponent",0,0.00,1,0.00,82,13,82,167,
"FoodMazaPos.About.InitializeComponent",0,0.00,1,0.00,119,13,119,131,
"FoodMazaPos.Cashier..ctor",0,0.00,2,0.00,205,13,205,34,
"FoodMazaPos.Cashier.aAAToolStripMenuItem_Click",0,0.00,720,1.72,"1,594",13,"1,594",51,
"FoodMazaPos.Cashier.aBOUTToolStripMenuItem_Click",0,0.00,38,0.09,"1,736",13,"1,736",39,
"FoodMazaPos.Cashier.Appstatus",0,0.00,1,0.00,224,17,224,37,
"FoodMazaPos.Cashier.bBBBToolStripMenuItem_Click",0,0.00,156,0.37,"1,718",13,"1,718",38,
"FoodMazaPos.Cashier.btnRefresh_Click",0,0.00,820,1.96,"1,501",13,"1,501",28,
"FoodMazaPos.Cashier.button1_Click",0,0.00,10,0.02,"1,050",21,"1,050",41,
"FoodMazaPos.Cashier.button1_Click",0,0.00,1,0.00,"1,062",25,"1,062",49,
"FoodMazaPos.Cashier.button1_Click",0,0.00,1,0.00,"1,083",25,"1,083",48,
"FoodMazaPos.Cashier.button1_Click",0,0.00,1,0.00,"1,141",45,"1,141",68,
"FoodMazaPos.Cashier.button1_Click",0,0.00,"1,662",3.98,"1,149",25,"1,149",50,
"FoodMazaPos.Cashier.button1_Click",0,0.00,"6,042",14.45,"1,160",25,"1,160",49,
"FoodMazaPos.Cashier.button1_Click",0,0.00,"3,948",9.44,"1,172",25,"1,172",50,
"FoodMazaPos.Cashier.button1_Click",0,0.00,459,1.10,"1,174",25,"1,174",46,
"FoodMazaPos.Cashier.Cashier_Load",0,0.00,432,1.03,210,13,210,28,
"FoodMazaPos.Cashier.Cashier_Load",0,0.00,193,0.46,211,13,211,28,
"FoodMazaPos.Cashier.Cashier_Load",0,0.00,19,0.05,212,13,212,21,
"FoodMazaPos.Cashier.Cashier_Load",0,0.00,2,0.00,213,13,213,39,
"FoodMazaPos.Cashier.Cashier_Load",0,0.00,1,0.00,214,13,214,27,
"FoodMazaPos.Cashier.Cashier_Load",0,0.00,1,0.00,215,13,215,25,
"FoodMazaPos.Cashier.CheckingUserStatus",0,0.00,1,0.00,798,13,798,24,
"FoodMazaPos.Cashier.CheckingUserStatus",0,0.00,1,0.00,802,13,802,37,
"FoodMazaPos.Cashier.CheckInternetavaibility",0,0.00,2,0.00,382,17,382,83,
"FoodMazaPos.Cashier.cLOCKOUTLOGOUTToolStripMenuItem_Click",0,0.00,57,0.14,"1,677",13,"1,677",39,
"FoodMazaPos.Cashier.eXPORTTOEXCELToolStripMenuItem_Click",0,0.00,85,0.20,"1,730",13,"1,730",56,
"FoodMazaPos.Cashier.InitializeComponent",0,0.00,1,0.00,436,13,436,152,
"FoodMazaPos.Cashier.inventoryFunctionality",0,0.00,1,0.00,"1,840",29,"1,840",52,
"FoodMazaPos.Cashier.inventoryFunctionality",0,0.00,1,0.00,"1,879",36,"1,879",76,
"FoodMazaPos.Cashier.inventoryFunctionality",0,0.00,8,0.02,"3,246",29,"3,246",52,
"FoodMazaPos.Cashier.inventoryFunctionality",0,0.00,1,0.00,"3,285",36,"3,285",76,
"FoodMazaPos.Cashier.inventoryFunctionality",0,0.00,1,0.00,"3,359",36,"3,359",76,
"FoodMazaPos.Cashier.inventoryFunctionality",0,0.00,2,0.00,"3,431",29,"3,431",53,
"FoodMazaPos.Cashier.label3Click",0,0.00,1,0.00,504,17,504,29,
"FoodMazaPos.Cashier.label3Click",0,0.00,4,0.01,508,17,508,41,
"FoodMazaPos.Cashier.label3Click",0,0.00,1,0.00,513,21,513,32,
"FoodMazaPos.Cashier.label3Click",0,0.00,20,0.05,516,21,516,34,
"FoodMazaPos.Cashier.label3Click",0,0.00,1,0.00,518,28,518,69,
"FoodMazaPos.Cashier.label3Click",0,0.00,8,0.02,526,33,526,60,
"FoodMazaPos.Cashier.label3Click",0,0.00,1,0.00,532,37,532,38,
"FoodMazaPos.Cashier.label3Click",0,0.00,1,0.00,568,33,577,35,
"FoodMazaPos.Cashier.labelClick",0,0.00,3,0.01,705,17,705,28,
"FoodMazaPos.Cashier.labelClick",0,0.00,7,0.02,709,17,709,41,
"FoodMazaPos.Cashier.labelClick",0,0.00,2,0.00,711,24,711,64,
"FoodMazaPos.Cashier.labelClick",0,0.00,4,0.01,713,21,713,38,
"FoodMazaPos.Cashier.labelClick",0,0.00,1,0.00,715,25,715,78,
"FoodMazaPos.Cashier.Loadcategory",0,0.00,1,0.00,421,17,421,29,
"FoodMazaPos.Cashier.Loadcategory",0,0.00,9,0.02,425,17,425,41,
"FoodMazaPos.Cashier.Loadcategory",0,0.00,4,0.01,430,21,430,32,
"FoodMazaPos.Cashier.Loadcategory",0,0.00,13,0.03,433,21,433,34,
"FoodMazaPos.Cashier.Loadcategory",0,0.00,2,0.00,435,28,435,69,
"FoodMazaPos.Cashier.Loadcategory",0,0.00,1,0.00,441,33,441,86,
"FoodMazaPos.Cashier.Loadcategory",0,0.00,11,0.03,442,33,442,60,
"FoodMazaPos.Cashier.Loadcategory",0,0.00,1,0.00,493,13,493,14,
"FoodMazaPos.Cashier.Loadproducts",0,0.00,1,0.00,604,17,604,29,
"FoodMazaPos.Cashier.Loadproducts",0,0.00,13,0.03,608,17,608,41,
"FoodMazaPos.Cashier.Loadproducts",0,0.00,6,0.01,613,21,613,32,
"FoodMazaPos.Cashier.Loadproducts",0,0.00,24,0.06,616,21,616,34,
"FoodMazaPos.Cashier.Loadproducts",0,0.00,20,0.05,626,33,626,60,
"FoodMazaPos.Cashier.Loadproducts",0,0.00,1,0.00,627,54,627,56,
"FoodMazaPos.Cashier.sALESSUMMARYToolStripMenuItem_Click",0,0.00,38,0.09,"1,724",13,"1,724",50,
"FoodMazaPos.Cashier.sEARCHINVOICESToolStripMenuItem_Click",0,0.00,17,0.04,"1,700",13,"1,700",54,
"FoodMazaPos.Cashier.Timercheckingstock",0,0.00,1,0.00,185,13,185,33,
"FoodMazaPos.Cashier.Timercheckingstock",0,0.00,111,0.27,192,21,192,67,
"FoodMazaPos.Cashier.TrailPeriod",0,0.00,1,0.00,300,17,300,37,
"FoodMazaPos.ExportToExcel.dgv_1",0,0.00,1,0.00,205,13,205,97,
"FoodMazaPos.ExportToExcel.ExportToExcel_Load",0,0.00,5,0.01,20,13,20,21,
"FoodMazaPos.ExportToExcel.ExportToExcel_Load",0,0.00,1,0.00,21,13,21,21,
"FoodMazaPos.ExportToExcel.ExportToExcel_Load",0,0.00,1,0.00,23,13,23,21,
"FoodMazaPos.ExportToExcel.ExportToExcel_Load",0,0.00,2,0.00,24,13,24,21,
"FoodMazaPos.ExportToExcel.ExportToExcel_Load",0,0.00,1,0.00,25,13,25,21,
"FoodMazaPos.ExportToExcel.ExportToExcel_Load",0,0.00,1,0.00,26,13,26,21,
"FoodMazaPos.ExportToExcel.ExportToExcel_Load",0,0.00,3,0.01,30,13,30,29,
"FoodMazaPos.ExportToExcel.ExportToExcel_Load",0,0.00,4,0.01,31,13,31,29,
"FoodMazaPos.ExportToExcel.ExportToExcel_Load",0,0.00,4,0.01,32,13,32,29,
"FoodMazaPos.ExportToExcel.ExportToExcel_Load",0,0.00,2,0.00,33,13,33,29,
"FoodMazaPos.ExportToExcel.ExportToExcel_Load",0,0.00,5,0.01,34,13,34,29,
"FoodMazaPos.ExportToExcel.ExportToExcel_Load",0,0.00,2,0.00,35,13,35,29,
"FoodMazaPos.ExportToExcel.InitializeComponent",0,0.00,1,0.00,899,13,899,150,
"FoodMazaPos.ExportToExcel.LoadGridView1",0,0.00,1,0.00,41,13,41,24,
"FoodMazaPos.ExportToExcel.LoadGridView1",0,0.00,3,0.01,46,13,46,25,
"FoodMazaPos.ExportToExcel.LoadGridView2",0,0.00,1,0.00,78,13,78,24,
"FoodMazaPos.ExportToExcel.LoadGridView3",0,0.00,2,0.00,100,13,100,25,
"FoodMazaPos.ExportToExcel.LoadGridView4",0,0.00,1,0.00,115,13,115,24,
"FoodMazaPos.ExportToExcel.LoadGridView4",0,0.00,1,0.00,120,13,120,25,
"FoodMazaPos.ExportToExcel.LoadGridView6",0,0.00,1,0.00,160,13,160,25,
"FoodMazaPos.Inventory.EstimatingSTockAtTheStartOfDay",0,0.00,2,0.00,458,17,458,39,
"FoodMazaPos.Inventory.EstimatingSTockAtTheStartOfDay",0,0.00,1,0.00,466,28,466,68,
"FoodMazaPos.Inventory.EstimatingSTockAtTheStartOfDay",0,0.00,8,0.02,470,29,470,79,
"FoodMazaPos.Inventory.EstimatingSTockAtTheStartOfDay",0,0.00,1,0.00,481,25,481,47,
"FoodMazaPos.Inventory.EstimatingSTockAtTheStartOfDay",0,0.00,2,0.00,514,25,514,36,
"FoodMazaPos.Inventory.FoucsTextBoxes",0,0.00,1,0.00,617,13,617,39,
"FoodMazaPos.Inventory.InitializeComponent",0,0.00,11,0.03,31,13,31,149,
"FoodMazaPos.Inventory.InitializeComponent",0,0.00,1,0.00,32,13,32,140,
"FoodMazaPos.Inventory.InitializeComponent",0,0.00,2,0.00,37,13,37,140,
"FoodMazaPos.Inventory.InitializeComponent",0,0.00,1,0.00,46,13,46,140,
"FoodMazaPos.Inventory.InitializeComponent",0,0.00,1,0.00,50,13,50,140,
"FoodMazaPos.Inventory.InitializeComponent",0,0.00,18,0.04,58,13,58,87,
"FoodMazaPos.Inventory.InitializeComponent",0,0.00,16,0.04,175,13,175,87,
"FoodMazaPos.Inventory.InitializeComponent",0,0.00,2,0.00,177,13,177,87,
"FoodMazaPos.Inventory.InitializeComponent",0,0.00,1,0.00,331,13,331,53,
"FoodMazaPos.Inventory.InitializeComponent",0,0.00,1,0.00,339,13,339,46,
"FoodMazaPos.Inventory.InitializeComponent",0,0.00,1,0.00,"1,309",13,"1,309",149,
"FoodMazaPos.Inventory.InitializeComponent",0,0.00,1,0.00,"1,798",13,"1,798",160,
"FoodMazaPos.Inventory.InitializeComponent",0,0.00,1,0.00,"2,114",13,"2,114",46,
"FoodMazaPos.Inventory.Inventory_Load",0,0.00,4,0.01,829,13,829,29,
"FoodMazaPos.Inventory.Inventory_Load",0,0.00,9,0.02,830,13,830,29,
"FoodMazaPos.Inventory.Inventory_Load",0,0.00,9,0.02,831,13,831,29,
"FoodMazaPos.Inventory.Inventory_Load",0,0.00,9,0.02,832,13,832,26,
"FoodMazaPos.Inventory.Inventory_Load",0,0.00,16,0.04,833,13,833,26,
"FoodMazaPos.Inventory.Inventory_Load",0,0.00,17,0.04,834,13,834,26,
"FoodMazaPos.Inventory.Inventory_Load",0,0.00,16,0.04,835,13,835,26,
"FoodMazaPos.Inventory.Inventory_Load",0,0.00,1,0.00,836,13,836,21,
"FoodMazaPos.Inventory.Inventory_Load",0,0.00,2,0.00,837,13,837,21,
"FoodMazaPos.Inventory.Inventory_Load",0,0.00,1,0.00,838,13,838,21,
"FoodMazaPos.Inventory.Inventory_Load",0,0.00,1,0.00,839,13,839,30,
"FoodMazaPos.Inventory.InventoryHeaderInfo",0,0.00,1,0.00,247,13,247,24,
"FoodMazaPos.Inventory.InventoryHeaderInfo",0,0.00,5,0.01,250,13,250,33,
"FoodMazaPos.Inventory.InventoryHeaderInfo",0,0.00,6,0.01,257,17,257,29,
"FoodMazaPos.Inventory.InventoryHeaderInfo",0,0.00,7,0.02,273,13,273,35,
"FoodMazaPos.Inventory.InventoryHeaderInfo",0,0.00,6,0.01,280,17,280,29,
"FoodMazaPos.Inventory.InventoryHeaderInfo",0,0.00,6,0.01,295,13,295,35,
"FoodMazaPos.Inventory.InventoryHeaderInfo",0,0.00,4,0.01,301,17,301,129,
"FoodMazaPos.Inventory.InventoryHeaderInfo",0,0.00,5,0.01,305,17,305,29,
"FoodMazaPos.Inventory.InventoryHeaderInfo",0,0.00,1,0.00,324,13,324,35,
"FoodMazaPos.Inventory.InventoryHeaderInfo",0,0.00,1,0.00,331,17,331,29,
"FoodMazaPos.Inventory.InventoryHeaderInfo",0,0.00,2,0.00,350,13,350,35,
"FoodMazaPos.Inventory.InventoryHeaderInfo",0,0.00,3,0.01,357,17,357,29,
"FoodMazaPos.Inventory.InventoryHeaderInfo",0,0.00,2,0.00,370,13,370,35,
"FoodMazaPos.Inventory.InventoryHeaderInfo",0,0.00,2,0.00,377,17,377,29,
"FoodMazaPos.Inventory.InventoryHeaderInfo",0,0.00,1,0.00,399,17,399,29,
"FoodMazaPos.Inventory.InventoryHeaderInfo",0,0.00,1,0.00,412,13,412,35,
"FoodMazaPos.Inventory.InventoryHeaderInfo",0,0.00,1,0.00,419,17,419,29,
"FoodMazaPos.Inventory.InventoryHeaderInfo",0,0.00,3,0.01,432,13,432,35,
"FoodMazaPos.Inventory.LoadChart2",0,0.00,1,0.00,735,13,735,108,
"FoodMazaPos.Inventory.LoadChart3",0,0.00,4,0.01,791,13,791,25,
"FoodMazaPos.Inventory.LoadChart3",0,0.00,1,0.00,792,13,792,58,
"FoodMazaPos.Inventory.LoadChart4",0,0.00,6,0.01,763,13,763,25,
"FoodMazaPos.Inventory.LoadChart5",0,0.00,5,0.01,816,13,816,25,
"FoodMazaPos.Inventory.LoadGridView2",0,0.00,1,0.00,181,13,181,24,
"FoodMazaPos.Inventory.LoadGridView3",0,0.00,1,0.00,203,13,203,24,
"FoodMazaPos.Inventory.LoadGridView3",0,0.00,5,0.01,208,13,208,25,
"FoodMazaPos.Inventory.LoadGridView4",0,0.00,4,0.01,229,13,229,25,
"FoodMazaPos.InvoiceDetails.InvoiceDetails_Load",0,0.00,13,0.03,24,13,24,21,
"FoodMazaPos.InvoiceDetails.LoadGridView",0,0.00,3,0.01,38,13,38,25,
"FoodMazaPos.InvoiceDetails.SearchInvoice_Click",0,0.00,1,0.00,115,17,115,28,
"FoodMazaPos.InvoiceDetails.SearchInvoice_Click",0,0.00,1,0.00,120,17,120,29,
"FoodMazaPos.Login..ctor",0,0.00,56,0.13,25,13,25,35,
"FoodMazaPos.Login.btnLogin_Click",0,0.00,1,0.00,49,21,49,43,
"FoodMazaPos.Login.btnLogin_Click",0,0.00,91,0.22,50,21,50,50,
"FoodMazaPos.Program.Main",0,0.00,"35,334",84.52,16,13,16,44,
"FoodMazaPos.SalesSummary..ctor",0,0.00,37,0.09,41,13,41,35,
"FoodMazaPos.SalesSummary.Loadproducts",0,0.00,3,0.01,195,21,195,34,
"FoodMazaPos.SalesSummary.Loadproducts",0,0.00,1,0.00,197,28,197,69,
"FoodMazaPos.SalesSummary.Loadproducts",0,0.00,1,0.00,201,29,201,47,
"FoodMazaPos.SalesSummary.Loadproducts",0,0.00,3,0.01,206,33,206,57,
"FoodMazaPos.SalesSummary.Loadproducts",0,0.00,1,0.00,213,40,213,91,
"FoodMazaPos.SalesSummary.Loadproducts",0,0.00,7,0.02,217,37,217,52,
"FoodMazaPos.SalesSummary.Loadproducts",0,0.00,1,0.00,223,45,223,63,
"FoodMazaPos.SalesSummary.Loadproducts",0,0.00,1,0.00,228,49,228,100,
"FoodMazaPos.SalesSummary.Loadproducts",0,0.00,1,0.00,237,53,237,110,
"FoodMazaPos.SalesSummary.SalesEstimation",0,0.00,3,0.01,54,13,54,35,
"FoodMazaPos.SalesSummary.SalesEstimation",0,0.00,2,0.00,64,17,64,29,
"FoodMazaPos.SalesSummary.SalesEstimation",0,0.00,2,0.00,85,13,85,35,
"FoodMazaPos.SalesSummary.SalesEstimation",0,0.00,4,0.01,95,17,95,29,
"FoodMazaPos.SalesSummary.SalesEstimation",0,0.00,6,0.01,116,13,116,35,
"FoodMazaPos.SalesSummary.SalesEstimation",0,0.00,2,0.00,147,13,147,35,
"FoodMazaPos.SalesSummary.SalesEstimation",0,0.00,2,0.00,157,17,157,29,
"FoodMazaPos.SalesSummary.SalesSummary_Load",0,0.00,82,0.20,47,13,47,28,
"FoodMazaPos.Stocks.btnUpdate_Click",0,0.00,1,0.00,234,21,234,406,
"FoodMazaPos.Stocks.btnUpdate_Click",0,0.00,171,0.41,240,21,240,37,
"FoodMazaPos.Stocks.InitializeComponent",0,0.00,1,0.00,80,13,80,152,
"FoodMazaPos.Stocks.LoadGridView1",0,0.00,3,0.01,300,13,300,25,
"FoodMazaPos.Stocks.Stocks_Load",0,0.00,212,0.51,28,13,28,29,
"FoodMazaPos.updatestocks.LoadGridView1",0,0.00,2,0.00,40,13,40,25,
"FoodMazaPos.updatestocks.ToFillGridview",0,0.00,1,0.00,155,17,155,28,
"FoodMazaPos.updatestocks.ToFillGridview",0,0.00,1,0.00,160,17,160,29,
"FoodMazaPos.updatestocks.updatestocks_Load",0,0.00,87,0.21,26,13,26,29,
"FoodMazaPos.updatestocks.updatestocks_Load",0,0.00,22,0.05,27,13,27,21,
"FoodMazaPos.updatestocks.updatestocks_Load",0,0.00,40,0.10,28,13,28,30,
